,0,1,2,3,4,5,6,7,8,9,10,11,12,13,14,15,16,17,18,19,20,21,22,23,24,25,26,27,28,29,30,31,32,33,34,35,36,37,38,39,40,41,42,43,44,45,46,47,48,49,50,51,52,53,54,55,56,57,58,59,60,61,62,63,64,65,66,67,68,69,70,71,72,73,74
0,토,분경,충남,소재,신축,공사,현장,철골,조립,작업,중,인접,구조물,간섭,철골,부재,위치,조정,이동식크레인,인양,과정,철골,반동,지상,층,바닥,사망,,,,,,,,,,,,,,,,,,,,,,,,,,,,,,,,,,,,,,,,,,,,,,,,
1,월,경,경기,소재,근,제조,업소,증축,현장,패널,공,명,지붕,패널,설치작업,후,이동식크레인,벨트,슬링,발,채,하강,중,몸,균형,사망,,,,,,,,,,,,,,,,,,,,,,,,,,,,,,,,,,,,,,,,,,,,,,,,,
2,토,분경,부산,진구,소재,신축,공사,현장,지상,층,철,골보,상부,테크,플레이트,설치,작업,중,몸,중심,아래,층,콘크리트,바닥,추락,사망,해임,,,,,,,,,,,,,,,,,,,,,,,,,,,,,,,,,,,,,,,,,,,,,,,,
3,분경,광주,광산구,소재,아파트,신축,공사,현장,굴착기,운전자,오수,맨홀,설치작업,굴착기,맨홀,상부,구체,인향,채,선회,중,굴착기,중심,운전석,출입문,쪽,운전자,사망,해임,,,,,,,,,,,,,,,,,,,,,,,,,,,,,,,,,,,,,,,,,,,,,,
4,일,분,부산광역시,남구,문현동,소재,아파트,신축,공사,현장,작업,명,이동식,크레인,설치,작업대,탑승,방음벽,설치,작업,중,벨트,슬링,후크,이탈,작업대,바닥,사망,명,부상,해임,,,,,,,,,,,,,,,,,,,,,,,,,,,,,,,,,,,,,,,,,,,,
5,경,경기도,안양시,만안구,안양동,소재,지중선,신설,공사,현장,지중,전기,관로,매설,부위,아스,콘,포장,작업,중,운전자,콤비,롤러,운전석,이탈,롤러,전방,작업자,충돌,작업자,명,롤러,사망,해임,,,,,,,,,,,,,,,,,,,,,,,,,,,,,,,,,,,,,,,,,
6,화,음향,시스템,설치,현장,분리,발주,업체,우레탄,폼,작업,이후,스크린,프레임,설치,용접작업,중,우레탄,폼,캔,충전,가스,용접,불티,점,폭발,명,부상,해임,,,,,,,,,,,,,,,,,,,,,,,,,,,,,,,,,,,,,,,,,,,,,,
7,경,강원도,원주시,단계동,소재,단독,주택,철거공사,현장,콘크리트,단층,창고,지붕,슬래브,중,지붕,슬래브,창고,내부,재해자,벽,슬래브,사이,흉부,협착,사망,,,,,,,,,,,,,,,,,,,,,,,,,,,,,,,,,,,,,,,,,,,,,,,,,
8,금,인천광역시,연수구,소재,중학교,신축,공사,현장,재해자,가설,울타리,철거,가스,절단기,사용,빔,절단,중,해당,빔,재해자,쪽,전도,사망,해임,,,,,,,,,,,,,,,,,,,,,,,,,,,,,,,,,,,,,,,,,,,,,,,,,,
9,년,월,일목,경기도,오산시,소재,물류,센터,신축,공사,현장,크레인,사용,층,슬라브,거치,후,슬라브,체결,줄걸이,해체,상태,크레인,상승,슬라브,위,재해자,층,바닥,추락,사망,해임,,,,,,,,,,,,,,,,,,,,,,,,,,,,,,,,,,,,,,,,,,,
10,화,분경,경남,밀양시,소재,공장,신축,공사,현장,재해자,지상,층,철골,보상,부,작업,중,데크플레이트,이탈,몸,중심,층,콘크리트,바닥,사망,해임,,,,,,,,,,,,,,,,,,,,,,,,,,,,,,,,,,,,,,,,,,,,,,,,,
11,년,월,일목,경기도,양주시,소재,아파트,신축,공사,현장,갱폼,작업발판,위,적재,철근,길,무게,가닥,약,아래,지상,낙하,하부,이동,중,작업자,머리,작업자,사망,,,,,,,,,,,,,,,,,,,,,,,,,,,,,,,,,,,,,,,,,,,,,,
12,화,인천광역시,계양구,서운동,소재,공장,신축,공사,현장,차량,탑,재형,고소작업대,사용,창호,유리,설치작업,중,고소작업대,전도,작업대,탑승,작업,중,재해자,명,아래,사망,명,부상,,,,,,,,,,,,,,,,,,,,,,,,,,,,,,,,,,,,,,,,,,,,,
13,년,월,일월,시,분경,서울시,강동구,소재,아파트,외벽,도장,공사,현장,건물,층,높이,차량,탑,재형,고소작업대,스카이,이용,외부,도장,작업,중,고소작업대,이동,과정,재해자,지상,추락,사망,,,,,,,,,,,,,,,,,,,,,,,,,,,,,,,,,,,,,,,,,,
14,경,경기,광명시,소재,오피스텔,신축,공사,현장,재해자,담장,하부,터파기,굴,착면,지반,개량,시설물,설치,골재,작업,중,굴착,사면,상부,담장,붕괴,사망,,,,,,,,,,,,,,,,,,,,,,,,,,,,,,,,,,,,,,,,,,,,,,,,
15,월,전라북도,전주시,완산구,소재,노후,상,수관,갱생,공사,현장,작업,명,업구,기존,노후,상수도관,내부,갱,작업,중,집중호우,관로,안,물,외부,대피,중,명,사망,해임,,,,,,,,,,,,,,,,,,,,,,,,,,,,,,,,,,,,,,,,,,,,
16,년,월,일화,충청남도,논산시,소재,농장,개축,공사,현장,기,설치,보강,옹벽,하부,우수관,공사,터파기,후,굴착,저면,우수,배관,연결,작업,재해자,굴착,사면,보강,옹,벽,붕괴,매몰,사망,,,,,,,,,,,,,,,,,,,,,,,,,,,,,,,,,,,,,,,,,
17,조경,공사,현장,이동식크레인,사용,조경수,이식,작업,중,크레인,지브,붐,끝,부분,인접,충전전로,접촉,크레인,훅,재해자,감전,사망,해임,,,,,,,,,,,,,,,,,,,,,,,,,,,,,,,,,,,,,,,,,,,,,,,,,,,,
18,년,월,일,경,경기도,하남시,신장동,소재,모델,하우스,철거공사,현장,전시,기간,모델,하우스,지붕재,패널,지상,약,높이,철골,지붕,작업,중,추락,사망,,,,,,,,,,,,,,,,,,,,,,,,,,,,,,,,,,,,,,,,,,,,,,,,
19,월,경기도,화성시,소재,공장,증축공사,현장,재해자,지붕,철골,부재,조립,고소작업대,테두리,빔,이동,중,아래,바닥,사망,,,,,,,,,,,,,,,,,,,,,,,,,,,,,,,,,,,,,,,,,,,,,,,,,,,,,,,
20,금,분경,전라남도,나주시,소재,아파트,보수,공사,현장,재해자,달비계,작업대,탑승,아파트,외부,창호,방수,실리콘,코킹,작업,중,달비계,작업,로프,매듭,사망,,,,,,,,,,,,,,,,,,,,,,,,,,,,,,,,,,,,,,,,,,,,,,,,,
21,수,숙영,시설,철거공사,현장,재해자,건물,지붕,위,라이트,폴리카보네이트,재질,지붕재,철거,중,지면,사망,,,,,,,,,,,,,,,,,,,,,,,,,,,,,,,,,,,,,,,,,,,,,,,,,,,,,,,,,,
22,년,월,일,경,과천시,갈현동,소재,아파트,건설,공사,현장,가설,울타리,설치,반입,자재,지게차,사용,화물차,하역,중,화물차,적재,낙하,작업자,명,명,사망,명,부상,,,,,,,,,,,,,,,,,,,,,,,,,,,,,,,,,,,,,,,,,,,,,
23,수,분경,경북,영천시,소재,축사,지붕재,칼라,강판,선,라이트,교체,공사,현장,재해자,칼라,강판,이동,사용,작업,도구,로프,정리,작업,중,선,라이트,파손,아래,사망,,,,,,,,,,,,,,,,,,,,,,,,,,,,,,,,,,,,,,,,,,,,,
24,월,경기도,용인시,처인구,포곡읍,소재,승강기,교체,공사,현장,엘리베이터,승강,내부,임시,카,도어,행거,철거,작업,중,임시,카,줄걸이,로프,슬링벨트,파단,미터,아래,바닥,추락,사망,해임,,,,,,,,,,,,,,,,,,,,,,,,,,,,,,,,,,,,,,,,,,,
25,년,월,일,경,경기도,과천시,소재,지식,정보,타운,공동,주택,신축,공사,현장,파일,이동,중,와이어로프,줄걸이,이탈,인근,작업,중,공종,작업자,전도,파일,사망,해임,원심력,,,,,,,,,,,,,,,,,,,,,,,,,,,,,,,,,,,,,,,,,,,,
26,최근,평택,구조물,붕괴,안산,흙막이,지보공,붕괴,시흥,거푸집,붕괴,등,건설,현장,붕괴,사고,발생,해빙기,등,취약,시기,붕괴,사고,집중,우려,실정,,,,,,,,,,,,,,,,,,,,,,,,,,,,,,,,,,,,,,,,,,,,,,,,,
27,일,경기도,평택시,소재,물류,창고,신축,공사,현장,층,램프,바닥,슬래브,철근,조립,작업,중,거더,전도,빔,데크,플레이트,작업,명,추락,명,사망,부상,,,,,,,,,,,,,,,,,,,,,,,,,,,,,,,,,,,,,,,,,,,,,,,
28,충남,아산시,속국,호선,건설,공사,현장,크롤러,크레인,붐,연장,붐,하부,연결핀,제거,중,붐,하강,근로자,사망,,,,,,,,,,,,,,,,,,,,,,,,,,,,,,,,,,,,,,,,,,,,,,,,,,,,,,,
29,금,경기,용인,속국,호선,건설,공사,현장,크롤러,크레인,붐,연장,붐,하부,연결핀,제거,순간,연결부,근로자,사망,,,,,,,,,,,,,,,,,,,,,,,,,,,,,,,,,,,,,,,,,,,,,,,,,,,,,,,
30,화,분,경,대,구,광역시,달성군,소재,오수관,설치,공사,현장,오수관,설치,지장,물,우수,암거,하부,터파기,바닥,작업,중,좌측,사면,토사,붕괴,근로자,매몰,사망,해임,,,,,,,,,,,,,,,,,,,,,,,,,,,,,,,,,,,,,,,,,,,,
31,일,분,대구,달서구,소재,아파트,균열,보수,도장,공사,현장,달비계,작업대,작업,중,옥상,외부,설치,장식,구조물,일부,파손,아래,낙하,재해자,타격,추정,재해자,아래,지면,추락,사망,해임,,,,,,,,,,,,,,,,,,,,,,,,,,,,,,,,,,,,,,,,,,
32,월,서울시,서초구,서초동,소재,업무,시설,신축,공사,현장,흙막이,가시설,번,단의,우각,부,스트러트,밀림방지,부재,설치,작업,중,재해자,작업,구간,상부,설치,중,띠장,하부,재해자,두부,강타,사망,해임,,,,,,,,,,,,,,,,,,,,,,,,,,,,,,,,,,,,,,,,
33,목,분경,대구광역시,동구,신천동,소재,호텔,신축,현장,지하,층,직영,근로자,재해,자남,보통,인부,이동식비계,위,동료,작업자,조적,벽체,해체작업,중,벽체,일부,이동식비계,상부,작업,중,재해자,방향,재해,발생,병원,이송,치료,중,사망,해임,,,,,,,,,,,,,,,,,,,,,,,,,,,,,,,,,,
34,금,경,종시,소재,공공,주택,건설,사업,현장,재해자,갱폼,상부,작업발판,위,작업,중,갱폼,외벽,탈락,갱폼,아래,추락,사망,,,,,,,,,,,,,,,,,,,,,,,,,,,,,,,,,,,,,,,,,,,,,,,,,,,,
35,금,시경,대구광역시,동구,도동,소재,지붕,보수,공사,현장,재해자,슬레이트,지붕,위,칼라,강판,정리,중,재해자,슬레이트,지붕,일부,파손,미터,아래,바닥,추락,,,,,,,,,,,,,,,,,,,,,,,,,,,,,,,,,,,,,,,,,,,,,,,,
36,토,경기도,평택시,현덕면,소재,토목,조경,공사,현장,재해자,소나무,등,식재,목,주,임시,식장,운반,식재,작업,완료,이동,중진,입,바닥,정지,작업,후진,굴삭기,바퀴,사망,해임,,,,,,,,,,,,,,,,,,,,,,,,,,,,,,,,,,,,,,,,,,,
37,토,강원도,원주시,지정면,소재,수목,식공,사,현장,재해자,수목,식공,사,느티나무,분,포장,작업,중,돌풍,느티나무,병원,후송,사망,해임,,,,,,,,,,,,,,,,,,,,,,,,,,,,,,,,,,,,,,,,,,,,,,,,,,,
38,월,경,포,시설,신축,공사,중,기계식,주차,설비,공사,현장,판넬,설치,공사,협력,업체,소속,재해자,기계식,주차장,내부,용접,불티,비산,소화,작업,중,하강,균형추,철골부,사이,사망,해임,,,,,,,,,,,,,,,,,,,,,,,,,,,,,,,,,,,,,,,,,
39,도시,가스,공급,관,설치작업,중,터파기,토사,일부,붕괴,매몰,,,,,,,,,,,,,,,,,,,,,,,,,,,,,,,,,,,,,,,,,,,,,,,,,,,,,,,,,,,,,,,,
40,경,제주시,소재,공동,주택,신축,공사,현장,지상,층,측,면부,비계,설치,바닥,정리,작업,중,작업,구간,설치,벽체,거푸집,이,전도,전도,거푸집,적재,자재,피재,협착,사망,해임,,,,,,,,,,,,,,,,,,,,,,,,,,,,,,,,,,,,,,,,,,
41,금,분경,화력,발전,건설,현장,하도급,업체,근로자,아르곤,가스,용접,실드,가스,배관,직경,퍼징,댐,확인,산소,결핍,질식,사망,,,,,,,,,,,,,,,,,,,,,,,,,,,,,,,,,,,,,,,,,,,,,,,,,,,,
42,화,경남,김해시,소재,초등,학교,신축,공사,현장,지상,바,슬래브,콘크리트,타설작업,진행,중,상부,하중,거푸집,동바리,데크플레이트,붕괴,부상,,,,,,,,,,,,,,,,,,,,,,,,,,,,,,,,,,,,,,,,,,,,,,,,,,,,
43,수,경기,화성시,소재,타워,신축,공사,현장,지상,바닥,래,브,콘크리트,타설작업,진행,중,상부,하중,시스템동바리,데크플레이트,붕괴,부상,,,,,,,,,,,,,,,,,,,,,,,,,,,,,,,,,,,,,,,,,,,,,,,,,,,,,
44,화,경남,창원시,소재,물류,센터,신축,공사,현장,지상,바닥,래,브,콘크리트,타설작업,진행,중,상부,하중,지지,잭서포트,데크플레이트,붕괴,부상,,,,,,,,,,,,,,,,,,,,,,,,,,,,,,,,,,,,,,,,,,,,,,,,,,,
45,월,경북,안동시,소재,타운,건설,공사,현장,크레인,조정,실,바닥,슬래브,캔틸레버,구조물,콘크리트,타설작업,진행,중,데크플레이트,목재,각재,상부,하중,철근,콘,크리드,보,측면,이탈,슬래브,번,스팬,붕괴,사망,,,,,,,,,,,,,,,,,,,,,,,,,,,,,,,,,,,,,,,,
46,금,시경,서울,성동구,소재,사옥,신축,공사,현장,지하,소화,저수조,내부,방수공사,작업,중,에폭시,희석제,증기,점,화재,발생,보수,공사,작업,중,근로자,명,화상,사망,,,,,,,,,,,,,,,,,,,,,,,,,,,,,,,,,,,,,,,,,,,,,
47,월,강원도,횡성군,소재,도로,확장,공사,현장,작업,명,절토,사면,보호용,판넬,설치작업,진행,중,판넬,전도,재해자,명,판넬,병원,치료,중,사망,동료,작업자,명,전도,판넬,부상,해임,,,,,,,,,,,,,,,,,,,,,,,,,,,,,,,,,,,,,,,,,,
48,서울,강동구,소재,근,공동,주택,신축,현장,비계공,재해자,외부,비계,해체작업,비계,상부,이동,중,몸,중심,아래,지면,사망,해임,,,,,,,,,,,,,,,,,,,,,,,,,,,,,,,,,,,,,,,,,,,,,,,,,,,,
49,월,경북,구미,소재,공장,철거공사,현장,해체,공인,재해자,경사,지붕,상부,판넬,해체작업,중,선,라이트,순간,파단,아래,콘크리트,바닥,추락,사망,해임,,,,,,,,,,,,,,,,,,,,,,,,,,,,,,,,,,,,,,,,,,,,,,,,,
50,화,부산,강서구,소재,하수,처리,시설,공사,현장,전기공,재해자,고소작업대,탑승,천장,전선관,내,전선,인입,작업,진행,중,고소작업대,과상,재해자,고소작업대,난간,천장,구조물,사이,사망,해임,,,,,,,,,,,,,,,,,,,,,,,,,,,,,,,,,,,,,,,,,,,,
51,월,경북,안동,소재,폐기물,처리,시설,건설,공사,현장,바닥,슬래브,콘크리트,타설작업,중,데크플레이트,지지,목재,각재,슬래브,하중,작업,하중,철근,콘크리트,보,측면,이탈,바닥,슬래브,붕괴,콘크리트,공,명,아래,지상,추락,,,,,,,,,,,,,,,,,,,,,,,,,,,,,,,,,,,,,,
52,일수,충남,금산군,소재,아파트,신축,공사,현장,옥상,갱폼,수평,부재,용단작업,중,발생,불티,층,부직포,화재,발생,대피,작업자,중,화상,사망,명,부상,,,,,,,,,,,,,,,,,,,,,,,,,,,,,,,,,,,,,,,,,,,,,,,,
53,토,서울시,강남구,논현동,소재,빌딩,신축,공사,현장,타워크레인,임대,업체,소속,근로,명,건물,전면,설치,텔레스,코핑,작업,길,인,설치,후,상부,구조물,중,하부,안전,상태,지지,핀,에서,이탈,순간,상부,구조물,등,전체,아래,지상,층,상하부,설치,발판,상,피재,명,상부,구조물,충격,등,손상,발판,난간,등,사망,명,부상,재해,추정,,,,,,,,,,,,,
54,토,분경,경북,구미시,도개면,소재,건설,고속도,민간,투자,사업,공구,터널,방향,굴진,지점,협력,업체,소속,터널,보조,공인,피재,자세,남,태,국세,남,태,국가,장약,작업,중,막,장면,하부,도화선,작업,도구,등,정리,중,막,장면,우측,상부,약,높이,암반,피재,매몰,명,사망,해임,,,,,,,,,,,,,,,,,,,,,
55,수,분경,경북,구미시,도개면,소재,간,속국,건설,공구,현장,형틀목공,교량,하부,설치,시스템,동바리,해체작업,중,시스템,동바리,상,이송,후,치료,중,토,경,사망,재해,,,,,,,,,,,,,,,,,,,,,,,,,,,,,,,,,,,,,,,,,,,,,
56,년,월,일,분,경상북도,경주시,소재,건설,주간,복선,전철,공구,노반,신설,현장,재해자,터널,라이닝,거푸집,이동,설치작업,중,절연,피복,손상,주전원,선상,충전부,접촉,유로폼,손,순간,감전,병원,이송,가료,중,사망,재해,,,,,,,,,,,,,,,,,,,,,,,,,,,,,,,,,,,,
57,금,경남,통영시,도산면,소재,종합,건설,시공,산업,공장,신축,공사,현장,철골,공인,재해,자세,남가,철골,지붕,거,지붕,트러스,상부,퍼린,형,시공,작업,준비,중,몸,중심,지상,인근,병원,후송,치료,중,목,경,사망,,,,,,,,,,,,,,,,,,,,,,,,,,,,,,,,,,
58,년,월,일,분경,충북,영동군,면,리,소재,종합,건설,주,시공,중,선,간,터널,보수,보강,기타,공사,현장,협력,업체,주,소속,피재,명,남,미장공,터널,내부,보수,보강,공사,관련,미장,작업,터널,입구,상행선,하행선,사이,공사,자재,야적,장소,이동,중,터널,입구,전방,운행,중,화물,열차,충돌,사망,것,추정,,,,,,,,,,,,,,,
59,피재,농업용수,공급,운암,취수구,기존,취수탑,수중,가물막이,철거,취수탑,내부,사전,조사,중,취수탑,공급,호수,물,수중,가물막이,개구부,유속,피재,몸,균형,동시,몸,상체,개구부,호흡,곤란,사망,해임,,,,,,,,,,,,,,,,,,,,,,,,,,,,,,,,,,,,,,,,,
60,일,경,전남,여수시,봉계,소재,도료,시공,유치원,외벽,도색공,사,현장,차량탑재형,고소작업대,일,명,스카이,명,근로자,탑승,도장,작업,중,고소작업대,붐,아래,하부,층,벽체,창문,부위,도장작업,정여,도장공,정,사망,작업대,탑승,근로자,명,부상,경상,해임,,,,,,,,,,,,,,,,,,,,,,,,,,,,,,,
61,월,분경,고양시,일산,동구,백석동,소재,공무,주,종합,터미널,지하층,설비,공사,현장,가스,배관,용접,작업,중,용접,불티,등,화재,사망,중상,경상,명,등,명,질식,등,재해,발생,,,,,,,,,,,,,,,,,,,,,,,,,,,,,,,,,,,,,,,,,
62,경기도,수원시,구,동,택지,개발,지구,소재,주,건설,시공,주상,복합,신축,공사,현장,옥탑,공사,타워크레인,호기,상승,작업,중,지브,우측,선회,뒤쪽,전복,설,해체,작업자,명과,주산업,안전,소속,감독,명,탈출,타워,운전원,탈출,턴테이블,추락,인근,병원,후송,치료,도중,오후,시,분경,사망,층,구조물,코어,부분,계단,알폼,작업,건설,소속,부상자,전도,타워크레인,탈락,알폼,재해자,등,가격,앞쪽,알폼,가슴,부위,충돌,해임
63,년,월,일,일,경,충남,당진시,석문면,소재,발전소,보일러,설비,정비,공사,현장,피재,조남,세,보일러,내부,정비,작업,작업발판,설치,중,몸,중심,아래,설치,작업발판,바닥,사망,재해,,,,,,,,,,,,,,,,,,,,,,,,,,,,,,,,,,,,,,,,,,
64,화,분경,서울,송파구,신천동,소재,건설,주,월드,신축,공사,현장,협력,업체,주,설비,일용직,근로자,피재,남,배관공,세이,엔터,테,트,동,층,내,냉각수,배관,작업,공기압,테스트,압력,배관,끝,단부,캡,공기압,테스트,배관,끝,단부,사용,연결부,볼트,해체작업,중,배관,내부,압력,캡,이탈,이,머리,사망,재해,추정,,,,,,,,,,,,,,,,,
65,년,월,일월,시,분경,경기도,용인시,기흥구,동,소재,태양광,발전,시설,공사,현장,피재,자세,남,판넬,공가,신축,건물,옥탑,태양광,판넬,철골,구조물,설치,슬라브,단부,바닥,개구부,ㄷ,형태,약,위,이동식,사다리,철재,사다리,자,위,작업,중,아래,지상,바닥,추락,사망,것,추정,해임,,,,,,,,,,,,,,,,,,,,,,,
66,경,경기,성남시,분당구,판교동,소재,단독,주택,신축,공사,현장,재해,자남,화물차,기사,화물차,적재함,철근,다발,하차,작업,중,적재함,철근,다발,편심,나머지,철근,다발,톤,재해자,낙,사망,재해,,,,,,,,,,,,,,,,,,,,,,,,,,,,,,,,,,,,,,,,,
67,년,월,일화,분경,충남,당진시,면,소재,공장,신축,공사,중,철골,설치,공사,현장,개발,주,소속,피재,자남,세,철골,상부,거더,볼트,체결,작업,완료,철골,인양,걸이용,샤클,거더,상부,이동,중,몸,중심,하부,콘크리트,바닥,사망,재해,,,,,,,,,,,,,,,,,,,,,,,,,,,,,,,
68,피재,남,조립,원,동료,작업자,명과,타워크레인,기,설치,마스트,위,마스트,개,마스트,높이,연장,설치,최종,마스트,단,회전체,턴테이블,핀,고정,작업,중,상부,구조,균형,상승,장치,텔,레스코,픽,케이지,발판,유압,장치,조작,하강,피재,아래,주차장,상부,콘크리트,바닥,텔,레스코,픽,케이지,후송,치료,중,일,후,사망,운전원,부상,해임,,,,,,,,,,,,,,,
69,년,월,일월,분경,충남,당진시,송악읍,고대리,소재,당진,공장,건축물,구축물,구조,안전,점검,현장,피재,과장,철근,공장,지붕,상부,지붕,구조물,정기,점검,육안,점검,지붕,강판,이동,중,강판,파손,아래,점검,통로,콘크리트,바닥,사망,해임,,,,,,,,,,,,,,,,,,,,,,,,,,,,,,,,,
70,콘크리트,타설,준비,철근,천막,제거,중,사면,위,작업,굴삭기,전도,피재,굴삭기,사망,굴삭기,운전자,부상,해임,,,,,,,,,,,,,,,,,,,,,,,,,,,,,,,,,,,,,,,,,,,,,,,,,,,,,,,,
71,피재,미장공,만세,외,명,관동,도로,상,옹벽,전면,문양,폼타이,제거,등,견출,작업,중,당일,배면,작업,완료,토사,압력,전체,옹,벽,중,일부,구간,파괴,사망,명,부상,것,추정,,,,,,,,,,,,,,,,,,,,,,,,,,,,,,,,,,,,,,,,
72,아파트,신축,공사,현장,보통,인부,남가,철골,기둥,강관,파이프,울,방음재,과,분,진망,설치,가설,울타리,방음벽,위,강관,파이프,강관,파이프,결속,클렘,등,강관,파이프,해체,이동,중,몸,중심,하부,아스팔트,도로,바닥,병원,이송,후,사망,재해,,,,,,,,,,,,,,,,,,,,,,,,,,,,,,,
73,공장,경사,지붕,지붕,마감재,칼라,강판,선,라이트,위,자재하역,장소,물색,이동,중,선,라이트,아래,공장,동,내부,바닥,추락,사망,해임,,,,,,,,,,,,,,,,,,,,,,,,,,,,,,,,,,,,,,,,,,,,,,,,,,
74,교량,기둥,거푸집,클라이밍,폼,인양,중,집,부착,작업발판,고정용,폼타이,볼트,용접부,위,파단,피재,작업발판,아래,사망,,,,,,,,,,,,,,,,,,,,,,,,,,,,,,,,,,,,,,,,,,,,,,,,,,,,,,,
75,이동식크레인,톤,톤,이용,빔,거치,작업,진행,중,지상,지점,빔,거치,완료,빔,상부,이동식크레인,후크,작업,중,빔,낙하,빔,사망,코핑,상부,보조,작업,부상,,,,,,,,,,,,,,,,,,,,,,,,,,,,,,,,,,,,,,,,,,,,,,
76,지원,센터,이전,개보,수,철거공사,현장,지상,층,조,벽체,철거,작업,해머,항,중,벽체,반대편,위치,피재,자남,세,사망,해임,,,,,,,,,,,,,,,,,,,,,,,,,,,,,,,,,,,,,,,,,,,,,,,,,,,
77,근로자,명,송수,터널,내부,바닥,청소,제거,작업,진행,중,장마철,호우,한강,수위,급상승,도달,기지,상부,강물,유입,도달,기지,하부,터널,입구,설치,차,단막,강판,수압,파손,근로자,명,중,명,탈출,생존,명,수몰,사망,명,구조,사망,해임,,,,,,,,,,,,,,,,,,,,,,,,,,,,,,
78,철거공사,현장,피재,보통,인부,남,파괴,해머,사용,철골기둥,하부,콘크리트,파쇄,중,파괴,해머,접촉,감전사,해임,,,,,,,,,,,,,,,,,,,,,,,,,,,,,,,,,,,,,,,,,,,,,,,,,,,,,,,,
79,타워,동,층,코어,외측,폼,인상,작업,중,폼,하중,지지,볼트,콘크리트,벽체,매립,앵커,폼,폼,내부,피재,폼,층,철골,상부,사망,,,,,,,,,,,,,,,,,,,,,,,,,,,,,,,,,,,,,,,,,,,,,,,,,
80,지하,약,깊이,터널,굴진,작업장,터널,보조,공,명,천공,작업,완료,후,막,장면,장약,작업,실시,중,막,장면,우측,상부,부석,매몰,명,사망,,,,,,,,,,,,,,,,,,,,,,,,,,,,,,,,,,,,,,,,,,,,,,,
81,산림조합,소속,근로자,피재,자남,석공,세,전석,돌,작업,중,방향,전환,선회,굴삭기,후면,카운트,웨이트,부분,전석,사이,사망,,,,,,,,,,,,,,,,,,,,,,,,,,,,,,,,,,,,,,,,,,,,,,,,,,,,,
82,타워크레인,해체,공사,중,타워크레인,상부,수평,붐대,좌우,작업대,위,작업,근로자,명,중,명,지상,사망,해임,,,,,,,,,,,,,,,,,,,,,,,,,,,,,,,,,,,,,,,,,,,,,,,,,,,,,,,,
83,백호,후진,중,버켓,버켓,성토부,선,단부,하부,집수정,설치,작업,준비,중,피재,사망,해임,,,,,,,,,,,,,,,,,,,,,,,,,,,,,,,,,,,,,,,,,,,,,,,,,,,,,,,,,,
84,빌라,구조물,외벽,도장,공사,면,퍼티,작업,근로자,명,고소작업대,스카이,탑승,상부,이동,중,작업대,하부,상하,수평,실린더,힌지,고정판,파단,아래,아래,지상,바닥,사망,해임,,,,,,,,,,,,,,,,,,,,,,,,,,,,,,,,,,,,,,,,,,,,,
85,피재,안전대,체결,상태,흙막이,가시설,스트러트,상부,무인,타워크레인,조종,지상,적재,철근,자재,지하,층,바닥,운반,중,몸,균형,아래,지하,층,바닥,사망,해임,,,,,,,,,,,,,,,,,,,,,,,,,,,,,,,,,,,,,,,,,,,,,,,
86,공,장동,지붕판,해체,공사,현장,지붕재,라이트,천,막지,고정용,각파이프,중,몸,중심,콘크리트,바닥,,,,,,,,,,,,,,,,,,,,,,,,,,,,,,,,,,,,,,,,,,,,,,,,,,,,,,,,,,
87,지하층,기초,콘크리트,바닥,위,강관,파이프,결속,클램프,마대,자루,지게차,포크,운반,과정,곡선,주행로,중,지게차,전도,피재,몸,사망,해임,,,,,,,,,,,,,,,,,,,,,,,,,,,,,,,,,,,,,,,,,,,,,,,,,,,
88,스프링,쿨러,배관,조립,작업,피재,형,사다리,위,작업,중,스프링,쿨러,배관,지지,천장,매립,이탈,스프링,쿨러,배관,형,사다리,위,충격,전도,콘크리트,바닥,추락,해임,,,,,,,,,,,,,,,,,,,,,,,,,,,,,,,,,,,,,,,,,,,,,
89,카고크레인,단부,장착,버켓,피재,명,탑승,터널,천정,수강,부착,후,크레인,이동도,중,버켓,지지,볼트,파단,버켓,작업,명,아래,콘크리트,바닥,추락,사망,해임,,,,,,,,,,,,,,,,,,,,,,,,,,,,,,,,,,,,,,,,,,,,,,,
90,호텔,신축,공사,현장,용접공,피재,작업,공구,굴삭기,옆,중,굴착,상차,회전,굴삭기,충돌,사망,해임,,,,,,,,,,,,,,,,,,,,,,,,,,,,,,,,,,,,,,,,,,,,,,,,,,,,,,,,,
91,병원,신축,공사,현장,협력,업체,소속,피재,지상,층,외부,비계,설치,나방,층,바닥,캐노피,우수,드레,천공작업,시,아래,물,천공,지점,하부,버켓,중,단부,몸,중심,아래,지하,층,토사,바닥,추락,사망,해임,,,,,,,,,,,,,,,,,,,,,,,,,,,,,,,,,,,,
92,집수정,바닥,굴착,작업,후,크레인,연결,버킷,탑승,지상,중,와이어로프,연결부,분리,버킷,추락,,,,,,,,,,,,,,,,,,,,,,,,,,,,,,,,,,,,,,,,,,,,,,,,,,,,,,,,,,,
93,옥상,슬래브,콘크리트,타설,중,시스템동바리,붕괴,콘크리트,타설,작업자,명,추락,망명,부상,명,,,,,,,,,,,,,,,,,,,,,,,,,,,,,,,,,,,,,,,,,,,,,,,,,,,,,,,,,,,,
94,설치,아웃트리거,받침대,목재,파단,이동식,크레인,전도,낙하,붐,하부,근로자,충돌,사망,,,,,,,,,,,,,,,,,,,,,,,,,,,,,,,,,,,,,,,,,,,,,,,,,,,,,,,,,,,,,
95,건물,외벽,조명,등,설치,작업,고소작업대,탑승,작업,위치,붐,인출,중,붐,파손,탑승,근로자,추락,,,,,,,,,,,,,,,,,,,,,,,,,,,,,,,,,,,,,,,,,,,,,,,,,,,,,,,,,
96,자재,운반용,작업대,차,케이블,드럼,운반,중,궤도,차량,케이블,드럼,운반,충돌,,,,,,,,,,,,,,,,,,,,,,,,,,,,,,,,,,,,,,,,,,,,,,,,,,,,,,,,,,,,,
97,건물,지하,천장,시공,우레탄,폼,화재,발생,작업,중,근로자,가스,중독,등,인하,명,사망,명,부상,,,,,,,,,,,,,,,,,,,,,,,,,,,,,,,,,,,,,,,,,,,,,,,,,,,,,,,,
98,터널,굴착,공사,작업,진행,중,천장부,암석,붕괴,하부,터널,바닥,정리,숏,리트,잔재,처리,작업,중,근로자,명,굴삭기,운전원,포함,낙석,더미,림,,,,,,,,,,,,,,,,,,,,,,,,,,,,,,,,,,,,,,,,,,,,,,,,
99,건물,지붕,보수,작업,중,지붕재,사용,선,라이트,파손,지상,층,콘크리트,바닥,추락,약,미터,사망,명,부상,해임,,,,,,,,,,,,,,,,,,,,,,,,,,,,,,,,,,,,,,,,,,,,,,,,,,,,,,
100,건물,옥탑,지붕,래프,타설,작업,중,데크플레이트,탈락,상부,근로자,명,추락,약,사망,해임,,,,,,,,,,,,,,,,,,,,,,,,,,,,,,,,,,,,,,,,,,,,,,,,,,,,,,,,,,,
101,아파트,외벽,갱폼,해체,작업,중,갱폼,외벽,탑승,작업,근로자,갱폼,추락,해임,,,,,,,,,,,,,,,,,,,,,,,,,,,,,,,,,,,,,,,,,,,,,,,,,,,,,,,,,,,,,
102,지하,우수,암거,내부,벽체,등,보수,작업,중,호우,유입,대피,근로자,명,익사,해임,,,,,,,,,,,,,,,,,,,,,,,,,,,,,,,,,,,,,,,,,,,,,,,,,,,,,,,,,,,
103,굴착,사면,하부,터널,입구,주변,거푸집,자재,정리,작업,중,굴착,사면,발생,낙석,충돌,사망,,,,,,,,,,,,,,,,,,,,,,,,,,,,,,,,,,,,,,,,,,,,,,,,,,,,,,,,,,
104,철도,교량,상부,빔,부재,수평,단차,확인,작업,중,수직,이동,통로,이용,달대,비계,순간,달,대비,중량,추락,사망,,,,,,,,,,,,,,,,,,,,,,,,,,,,,,,,,,,,,,,,,,,,,,,,,,,,,
105,발전,설비,보일러,내부,정비,작업,중,이동,통로,작업,발판,도로,설치,시스템,비계,도괴,작업,중,근로자,사망,명,부상,,,,,,,,,,,,,,,,,,,,,,,,,,,,,,,,,,,,,,,,,,,,,,,,,,,,,
106,설치,철골,부재,기둥,보가,연쇄,전도,부근,자재정리,작업,중,근로자,부지,정리,작업,중,백,호우,운전원,명,사망,,,,,,,,,,,,,,,,,,,,,,,,,,,,,,,,,,,,,,,,,,,,,,,,,,,,,,
107,백,호우,굴착,작업,완료,후,작업,명,바닥,정지,작업,하수관,부설,작업,중,지반,사질토,상부,돌담,굴착,구간,내부,붕괴,부상,사망,해임,,,,,,,,,,,,,,,,,,,,,,,,,,,,,,,,,,,,,,,,,,,,,,,,,
108,근로자,명,고소작업대,이용,아파트,층,외벽,균열,보수,작업,중,붐,층,높이,사망,추락,명,부상,해임,,,,,,,,,,,,,,,,,,,,,,,,,,,,,,,,,,,,,,,,,,,,,,,,,,,,,,,,
109,경사면,굴착,반출,파쇄,암,토사,작업,중,낙석,발생,하부,낙석,방호시설,보수,작업,중,근로자,명,낙석,충돌,사망,,,,,,,,,,,,,,,,,,,,,,,,,,,,,,,,,,,,,,,,,,,,,,,,,,,,,,
110,굴삭기,버킷,용량,지상,층,건물,해체,중,슬래브,일부,약,적재,해체물,중량,반복,부가,작업,충격,하중,등,지상,층,순차,붕괴,피재,명,지상,층,추락,매몰,명지,층,살수작업,부상,명지,층,작업,사망,해임,,,,,,,,,,,,,,,,,,,,,,,,,,,,,,,,,,,,
111,도로,현장,접속,교량,피재,명,작업대,차,탑승,캔틸레버,슬래브,크랙,보수,등,정리,작업,중,우수관,간섭,대차,부재,일부,산소,절단기,절단,순간,작업대,탑승,하중,탈락,지상,바닥,추락,사망,해임,,,,,,,,,,,,,,,,,,,,,,,,,,,,,,,,,,,,,,,,
112,캐노피,부분,철골,설치,피재,명,조립,철골,부재,캐노피,상부,작업,중,조립,부분,탈락,피재,명,추락,사망,명,부상,해임,,,,,,,,,,,,,,,,,,,,,,,,,,,,,,,,,,,,,,,,,,,,,,,,,,,,
113,도로,현장,접속,교량,피재,명,작업대,차,탑승,캔틸레버,슬래브,크랙,보수,등,정리,작업,중,우수관,간섭,대차,부재,일부,산소,절단기,절단,순간,작업대,탑승,하중,탈락,지상,바닥,추락,사망,해임,,,,,,,,,,,,,,,,,,,,,,,,,,,,,,,,,,,,,,,,
114,피재,지상,지점,철탑,수평,부재,위,수직,주주,후면,번,연결,작업,중,실족,바닥,수직,주,주재,추락,사망,해임,내용,첨부,파일,참,,,,,,,,,,,,,,,,,,,,,,,,,,,,,,,,,,,,,,,,,,,,,,,,,
115,피재,타워크레인,마스트,위,텔레스,코핑,케이지,작업발판,이동,중,실족,지하,층,콘크리트,바닥,추락,사망,해임,내용,첨부,파일,참,,,,,,,,,,,,,,,,,,,,,,,,,,,,,,,,,,,,,,,,,,,,,,,,,,,,,
116,피재,동료,작업자,강당,동,경사,지붕,방,수작업,사전,작업,고소작업차,작업대,탑승,합판,부착,작업,수행,중,작업,장소,이동,작업대,상승,순간,지붕,돌출물,작업대,분리,지붕면,이탈,지붕면,작업대,사이,공간,몸,균형,아래,지상,바닥,추락,사망,해임,내용,첨부,파일,참,,,,,,,,,,,,,,,,,,,,,,,,,,,,
117,주상,복합,빌딩,신축,현장,천공기,시공,중,케이싱,인발,회전,장소,도로,옹벽,측,회전,곤란,천공기,후진,케이싱,중,기존,강관,충돌,천공기,하중,톤,리더,약,균형,인접도,차선,측,통행인,명,상당,승용차,대,탑승자,명,사망,사고,발,,,,,,,,,,,,,,,,,,,,,,,,,,,,,,,,
118,어린이집,신축,공사,현장,피재,고소작업대,작업발판,위,지상,층,창문,샤시,사이,실리콘,마감,작업,중,실족,보조,작업발판,측면,추락,약,사망,해임,내용,첨부,파일,참조,,,,,,,,,,,,,,,,,,,,,,,,,,,,,,,,,,,,,,,,,,,,,,
119,아파트,건설,공사,현장,내,임시,주차장,조성,굴삭기,버켓,용량,골재,포설,작업,중,작업,종료,지시,굴삭기,옆,피재,회전,굴삭기,선회,부,카운터,웨이트,부,창고,사이,두부,협착,사망,해임,내용,첨부,파일,참조,,,,,,,,,,,,,,,,,,,,,,,,,,,,,,,,,,,,,
120,공장,지붕,교체,공사,현장,노후,슬레이트,지붕,해체작업,중,슬레이트,파손,공장,내부,바닥,콘크리트,추락,약,피재,명,사망,해임,내용,첨부,파일,참조,,,,,,,,,,,,,,,,,,,,,,,,,,,,,,,,,,,,,,,,,,,,,,,,,
121,피재,터널,내,라이닝,철근,조립,중,중약,톤,구간,철근,붕괴,하부,측량,협력,업체,직원,협착,사망,철근,조립,고소작업대,위,철근,공,명,협착,부상,해임,내용,첨부,파일,참조,,,,,,,,,,,,,,,,,,,,,,,,,,,,,,,,,,,,,,,,,,
122,항타기,호기,지하,저수조,기초,파일,항,타,가설,도로,이동,중,장마철,강우,등,연약,진행,지반,침하,인근,작업,중,이동식크레인,충돌,이동식크레인,붐,항타기,연쇄,충돌,후,굴삭기,굴삭기,운전원,운전석,협착,사망,호,항타기,운전원,운전석,탈출,중,상당,해임,내용,첨부,파일,참,,,,,,,,,,,,,,,,,,,,,,,,,,,
123,근로자,명,근린,생활,시설,건물,내부,리모델링,작업,중,노후,건물,후,면부,전체,건물,하중,충격,진동,등,작업,하중,붕괴,지상,층,배수,작업,중,피재,명,콘크리트,더미,매몰,사망,건물,내,외부,작업,중,피재,명,상당,해임,내용,첨부,파일,참,,,,,,,,,,,,,,,,,,,,,,,,,,,,
124,터널,폭,구간,발파,천공작업,완료,장약,작업,중,절리,막,장면,암,작업,근로자,명주,야간작업,교대,시간,중,명,돌,명,사망,명,상당,해임,내용,첨부,파일,참,,,,,,,,,,,,,,,,,,,,,,,,,,,,,,,,,,,,,,,,,,,,
125,현장,인접,공장,경계,구간,기존,옹,벽,보강,옹벽,전면,하부,수직,굴착,부지,고저,차,약,굴착,후,신설,보강,옹,벽,저판,철근,배근,중,토사,붕괴,약,톤,명,매몰,사망,명,상당,해임,내용,첨부,파일,참,,,,,,,,,,,,,,,,,,,,,,,,,,,,,,,,,
126,주택,건물,시멘트,벽돌,시멘트,블록,지상,층,개보,수,내부,도배지,천장,창틀,등,마감재,철거,작업,중,노후,건물,작업,충격,벽체,전도,마감재,철거,시,벽체,블록,일부,탈락,자중,붕괴,피재,명,매몰,명,사망,명,상당,해임,내용,첨부,파일,참,,,,,,,,,,,,,,,,,,,,,,,,,,,,,
127,기초,공사,말뚝,본,용접,연결,후,동재하,시험,케이싱,인양,이동,중,말뚝,와이어로프,전,인근,작업,중,피재,사망,해임,내용,첨부,파일,참,,,,,,,,,,,,,,,,,,,,,,,,,,,,,,,,,,,,,,,,,,,,,,,,,
128,콘크리트,잔재물,콘크리트,타설,호스,수리,호스,연결,고리,커플링,분리,내부,축적,공기,압력,호스,옆,피재,안면부,강타,병원,후송,후,치료,중,사망,해임,내용,첨부,파일,참,,,,,,,,,,,,,,,,,,,,,,,,,,,,,,,,,,,,,,,,,,,,
129,부지,조성,공사,내,우수관,매설,수지,파형강관,카고크레인,인양,중,벨트,슬링,우수관,낙하,피재,강타,사망,해임,내용,첨부,파일,참,,,,,,,,,,,,,,,,,,,,,,,,,,,,,,,,,,,,,,,,,,,,,,,,,,,,
130,피재,체인블럭,이용,철골,계단,인양,작업,중,달기,체인,샤클,지지,러그,용접부,위,파단,충격,체인블럭,체인,파단,철골,계단,위,피재,지상,층,바닥,높이,구조물,상부,추락,사망,해임,내용,첨부,파일,참,,,,,,,,,,,,,,,,,,,,,,,,,,,,,,,,,,,,,,
131,피재,층,층,사이,계단참,벽체,형틀작업,중,철선,조임,타이,볼트,체결,계단참,내부,창호,부분,개구부,외부,쌍줄,계위,작업발판,벽체,비계,사이,공간,추락,지상,높이,기,설치,비계기둥,허벅지,관통상,병원,후송,중,사망,해임,내용,첨부,파일,참,,,,,,,,,,,,,,,,,,,,,,,,,,,,,,,,
132,오수,관거,이중,벽관,매설,작업,중,폭,깊이,수직,굴착,측면,토사,혼합,보조,기층,붕괴,매몰,사망,해임,내용,첨부,파일,참,,,,,,,,,,,,,,,,,,,,,,,,,,,,,,,,,,,,,,,,,,,,,,,,,,,
133,피재,안전난간,지주,단관,비계,고소작업차,운반구,지붕,끝,단부,작업,기존,슬레이트,지붕,위,자재,이동,중,몸,중심,순간,선,라이트,파손,아래,공장,내부,바닥,추락,사망,해임,내용,첨부,파일,참,,,,,,,,,,,,,,,,,,,,,,,,,,,,,,,,,,,,,,,,
134,소수력,발전소,기계실,슬래브,벽체,콘크리트,타설,중,가새,미설치,등,조립,상태,불량,시스템,동바리,조립,붕괴,슬래브,상부,콘크리트,잔량,확인,원청,협력,업체,직원,명,추락,후,매몰,사망,해임,내용,첨부,파일,참,,,,,,,,,,,,,,,,,,,,,,,,,,,,,,,,,,,,,,
135,부대,복리,시,설동,지하,층,형틀,공,명,타워크레인,밸,트,슬링,이용,대형,패널,벽체,거푸집,설치,중,벽체,거푸집,전도,피재,협착,사망,해임,내용,첨부,파일,참,,,,,,,,,,,,,,,,,,,,,,,,,,,,,,,,,,,,,,,,,,,,
136,피재,아파트,외벽,라인,도장작업,달비계,섬유,로프,옥상,상수도,배관,받침대,후,달비계,도장작업,중,섬유,로프,달비계,추락,사망,해임,내용,첨부,파일,참,,,,,,,,,,,,,,,,,,,,,,,,,,,,,,,,,,,,,,,,,,,,,,,,,
137,피재,등,명,외부,샤시,주변,노후,실리콘,제거,고소작업대,탑승,지상,층,샤시,전면부,붐대,상승,접근,중,붐대,인출,와이어,우프,가닥,파단,붐대,작업대,층,탑승,근로자,명,사망,명,상당,해임,내용,첨부,파일,참,,,,,,,,,,,,,,,,,,,,,,,,,,,,,,,,,,,,
138,차량,정비,고내,자동,차,고문,우측,설치,스위치,박스,전선,연결,작업,고소작업대,탑승,작업,중,고소작업대,전면,좌측,바퀴,거치,볼라드,홈,막,음용,합판,고소작업대,중량,고소작업대,균형,전도,동시,피재,지상,바닥,추락,사망,해임,내용,첨부,파일,참,,,,,,,,,,,,,,,,,,,,,,,,,,,,,,,,
139,피재,공,장동,경사,지붕,위,패널,작업,중,몸,균형,전면부,벽체,지붕,패널,설치,전,발생,개구부,폭,지하층,바닥,추락,병원,이송,치료,중,사망,해임,내용,첨부,파일,참,,,,,,,,,,,,,,,,,,,,,,,,,,,,,,,,,,,,,,,,,,
140,터널,격자,지보,설치,완료,후,작업,명,타설작업,준비,중,막,장면,토사,일부,이상,징후,명,대피,기사,명세,이,대,기계,이동,조작,터널,막,장면,상부,붕괴,만,매몰,사망,해임,사항,첨부,파일,참,,,,,,,,,,,,,,,,,,,,,,,,,,,,,,,,,,,,
141,피재,배관공,용접공,명,공장,내,위험물,저장,탱크,상부,에서,배관,연결,용접,딩,등,작업,중,작업,시,발생,점화원,불꽃,스파크,등,탱크,내부,잔류,인화성 물질,톨루엔,유증,폭발,상부,경판,명,지상,바닥,명,인접,공장,지붕,추락,사망,해임,내용,첨부,파일,참,,,,,,,,,,,,,,,,,,,,,,,,,,,
142,용접공,하수관,맨홀,시공,위치,흙막이,배면,지상,토류,강판,연장,설치,크레인,강판,기,시공,강판,용접,작업,중,흙막이,공법,가로,세로,배면,지반,사질토,서기,굴착,흙막이,내부,토사,유입,허리,매몰,협력,업체,현장,소장,굴착기,기사,구조,시도,지반,추가,붕괴,전원,매몰,사망,해임,내용,첨부,파일,참,,,,,,,,,,,,,,,,,,,,,
143,피재,공장,지붕,슬레이트,해체,후,지상,이동,중,채광,설치,선,라이트,순간,파손,층,바닥,추락,사망,해임,,,,,,,,,,,,,,,,,,,,,,,,,,,,,,,,,,,,,,,,,,,,,,,,,,,,,,,
144,피재,형틀목공,외부,쌍줄,비계,상부,측벽,외부,거푸집,조립,작업,중,다음,작업,이동,외부,강관비계,손,몸,균형,지면,추락,병원,후송,치료,중,사망,해임,,,,,,,,,,,,,,,,,,,,,,,,,,,,,,,,,,,,,,,,,,,,,,,
145,피재,철골,공가,층,바닥,데크플레이트,배열,작업,중,몸,중심,추락,병원,후송,치료,중,사망,해임,,,,,,,,,,,,,,,,,,,,,,,,,,,,,,,,,,,,,,,,,,,,,,,,,,,,,,,,,
146,피재,준설,작업,가도,정지,작업,후,가도,물막,단부,백,호우,주차,과정,단부,붕괴,백,호우,강,전락,침수,익사,해임,,,,,,,,,,,,,,,,,,,,,,,,,,,,,,,,,,,,,,,,,,,,,,,,,,,,
147,노후,우수관,교체,부설,백,호우,이용,굴착,후,피재,굴착,저면,지장,물,확인,중,굴착,법면,붕괴,매몰,병원,후송,치료,중,사망,해임,,,,,,,,,,,,,,,,,,,,,,,,,,,,,,,,,,,,,,,,,,,,,,,,,
148,피재,고소작업차,량,작업대,탑승,높이,건물,외부,마감재,판넬,설치작업,중,작업대,후,면부,난간,부분,인접,전신주,특별,고압,충전전로,접촉,감전,지상,층,바닥,추락,사망,해임,,,,,,,,,,,,,,,,,,,,,,,,,,,,,,,,,,,,,,,,,,,,,
149,피재,등,명,이동식비계,해체,과정,중,작업발판,일,명,까치발,과하,중,발생,이동식비계,전도,피재,에서,추락,인근,병원,후송,중,사망,해임,,,,,,,,,,,,,,,,,,,,,,,,,,,,,,,,,,,,,,,,,,,,,,,,,,
150,피재,지하층,바닥,철,골보,플랜지,스터드,볼트,설치작업,중,데크플레이트,순간,데크플레이트,단부,플랜지,이탈,데크플레이트,장,지하,층,바닥,추락,병원,후송,치료,중,사망,해임,,,,,,,,,,,,,,,,,,,,,,,,,,,,,,,,,,,,,,,,,,,,,,,
151,피재,구간,지하,층,바닥,발파,작업,준비,등,암,버럭,등,반출,집,작업장,토사,반,출구,진입,하강,중,쉘,버켓,충돌,사망,해임,,,,,,,,,,,,,,,,,,,,,,,,,,,,,,,,,,,,,,,,,,,,,,,,,
152,피재,아파트,지상,층,전면부,설치,갱폼,작업발판,위,갱폼,수평,부재,안전난간,설치,작업,중,지상,층,콘크리트,바닥,추락,사망,해임,,,,,,,,,,,,,,,,,,,,,,,,,,,,,,,,,,,,,,,,,,,,,,,,,,,,
153,피재,지상,층,비계,내측,바닥,거푸집,자재,정리,외부,쌍줄,비계,하부,순간,동료,작업자,거푸집,해체,과정,거푸집,낙하,피재,두부,강타,병원,후송,치료,중,사망,해임,,,,,,,,,,,,,,,,,,,,,,,,,,,,,,,,,,,,,,,,,,,,,
154,피재,아파트,측벽,누수,보수,공사,옥상,작업,로프,설치,계단실,난간,고정,지상,층,외벽,크랙,발생,부위,이동산,악용,안전,그네,하강기,사용,방수용,퍼티,작업,시도,중,손상,노후,작업,로프,직경,함성,섬유,로프,하중,지상,화단,추락,사망,해임,,,,,,,,,,,,,,,,,,,,,,,,,,,,,,,
155,피재,공장,내,화장실,철거,작업,구간,바닥,벽체,철거,폐기물,벽돌,등,정리,중,동료,작업자,벽체,샌드위치,패널,내측,조,벽체,상부,일부,길,벽체,내부,수도관,위치,배관,파손,방지,목적,핸드,드릴,벽체,중간,부분,미세,타격,순간,벽체,도괴,길,약,톤,피재,사망,해임,,,,,,,,,,,,,,,,,,,,,,,,,
156,피재,지상,층,실외,기실,슬래브,단부,환기창,사이드,패널,주변,틈,말비계,우마,환기창,루버,알루미늄,재질,블레이드,백업,설치작업,코킹,작업,중,루버,블레이드,피재,체중,탈락,아래,지상,층,바닥,추락,사망,해임,,,,,,,,,,,,,,,,,,,,,,,,,,,,,,,,,,,,,,,
157,피재,지상,층,외부,비계,띠장,노무,발,일,명,빠루,옥상,파라펫,외벽,거푸집,목재,해체작업,중,발,실족,지상,콘크리트,바닥,추락,사망,해임,,,,,,,,,,,,,,,,,,,,,,,,,,,,,,,,,,,,,,,,,,,,,,,,,
158,옥탑,지붕,슬래브,상부,콘크리트,타설,톤,후,면,평탄,작업,중,철골빔,설치,간격,지지,슬래브,붕괴,콘크리트,매립,철골빔,앵커,볼트,붕괴,피재,옥상,층,바닥,추락,명,사망,명,상당,재해,,,,,,,,,,,,,,,,,,,,,,,,,,,,,,,,,,,,,,,,,
159,피재,지상,층,캐노피,바닥,돌출,천장,패널,설치,이동식,비계,강관,캔틸레버,구조,작업발판,지지대,조립,작업,중,지지대,지상,바닥,추락,사망,해임,,,,,,,,,,,,,,,,,,,,,,,,,,,,,,,,,,,,,,,,,,,,,,,,,,
160,피재,유류,탱크,직경,해체,벽체,철판,길,무게,약,톤,하단,산소,절단기,약,절단,후,장비,이용,탱크,내측,철판,상태,마지막,절단,순간,철판,피재,측,협착,사망,해임,,,,,,,,,,,,,,,,,,,,,,,,,,,,,,,,,,,,,,,,,,,
161,피재,고소작업차,작업대,탑승,전주,교체,작업,중,고소작업차,붐,기복,실린더,파손,분리,순간,작업대,아래,하강,지상,바닥,충돌,충격,추락,사망,해임,,,,,,,,,,,,,,,,,,,,,,,,,,,,,,,,,,,,,,,,,,,,,,,,,,
162,피재,가입자,세대,인터넷,개통,케이블,설치,준비,작업,중,전주,승주,지상,약,분배,기,위치,등,파악,몸,중심,실족,지상,아스팔트,바닥,추락,사망,해임,,,,,,,,,,,,,,,,,,,,,,,,,,,,,,,,,,,,,,,,,,,,,,,
163,피재,시추기,운전자,화물자동차,톤,적재함,지하수,시추기,톤,중,조작,미숙,시추기,전도,피재,사망,해임,,,,,,,,,,,,,,,,,,,,,,,,,,,,,,,,,,,,,,,,,,,,,,,,,,,,,,,,,,
164,피재,고소작업차,작업대,지상,층,상가,건물,외부,간판,거치대,설치,작업대,위치,조정,중,작업대,연결,보조,받침대,콘크리트,턱,받침대,연결부,파단,받침대,지상,바닥,추락,사망,해임,,,,,,,,,,,,,,,,,,,,,,,,,,,,,,,,,,,,,,,,,,,,,
165,도장공,피재,아파트,외벽,도장작업,옥상,슬래브,단부,달비계,탑승,순간,로프,아래,지상,바닥,추락,사망,해임,,,,,,,,,,,,,,,,,,,,,,,,,,,,,,,,,,,,,,,,,,,,,,,,,,,,,,,,,
166,피재,오수관,직경,이중,벽관,매설,굴착,저면,깊이,관,배관,후,관,상부,석분,부설,다짐작업,중,지중,전선로,간,흙막이,패널,설치,수직,굴,착면,토사,붕괴,피재,하반신,매몰,사망,해임,,,,,,,,,,,,,,,,,,,,,,,,,,,,,,,,,,,,,,,,,
167,피재,거푸집,유로폼,해체작업,중,발코니,하부,벽체,거푸집,인력,해체,핸드,그라인더,최대,거푸집,앵글,프레임,일부,그라인더,연삭숫돌,최대,디스크,파괴,파편,안면,비래,뇌손상,사망,해임,,,,,,,,,,,,,,,,,,,,,,,,,,,,,,,,,,,,,,,,,,,,,,
168,공장,신축,부지,조성공사,현장,자연석,석축,시공,석축,옹벽,하부,연장,중,상부,전석,가슴,부위,사망,해임,,,,,,,,,,,,,,,,,,,,,,,,,,,,,,,,,,,,,,,,,,,,,,,,,,,,,,,,
169,교량,교각,위치,설치,흙막이,지보공,토류,판,버팀대,해체작업,진행,과정,띠장,버팀대,접속부,볼트,후,띠장,엄지,말뚝,접속부,용단작업,실시,중,토류,벽,붕괴,인접,띠,장위,작업,피재,배면,토사,매몰,사망,해임,,,,,,,,,,,,,,,,,,,,,,,,,,,,,,,,,,,,,,
170,항타기,리더,조립,작업,항타기,운전원,항타기,붐,과정,피재,항타기,리더,붐,사이,바닥,이동,전선,정리,중,항타기,리더,고정,지지대,붐,결속,지탱,섬유,로프,파단,지지대,피재,가격,사망,해임,,,,,,,,,,,,,,,,,,,,,,,,,,,,,,,,,,,,,,,,,
171,피재,등,명,한조,간,운반기,구인,스태커,층,침실,외부,알루미늄,창호,설치,과정,지장,물,설치,창호,위치,조정,중,피재,전도,창호,약,아래,지상,층,주민,공동,시설,바닥,추락,사망,해임,,,,,,,,,,,,,,,,,,,,,,,,,,,,,,,,,,,,,,,
172,지하층,슬래브,콘크리트,타설작업,중,데크플레이트,붕괴,하부,지하,층,암기,전선,정리,피재,데크플레이트,콘크리트,더미,매몰,사망,해임,,,,,,,,,,,,,,,,,,,,,,,,,,,,,,,,,,,,,,,,,,,,,,,,,,,,,,,
173,엘리베이터,피트,내부,폼,지상,층,층,유압,장치,이용,인양,중,폼,지지,앵커,볼트,개,콘크리트,벽체,붕괴,이탈,폼,지상,낙하,폼,내부,유압,장치,조정,피재,사망,해임,,,,,,,,,,,,,,,,,,,,,,,,,,,,,,,,,,,,,,,,,,,
174,피재,강당,지붕,철골,내화,뿜칠,작업,지붕,하부,철,골보,위,뿜칠,호스,이동,중,호스,무게,뿜칠,작업,분진,등,영향,몸,중심,아래,콘크리트,바닥,추락,사망,해임,,,,,,,,,,,,,,,,,,,,,,,,,,,,,,,,,,,,,,,,,,,,
175,전기공,피재,등,명,수전,설비,내부,변압기,후단,분전반,내,차단기,차,측,전선,신설,작업,진행,중,충전,차단기,차,측,동바,머리,부분,접촉,감전사,해임,,,,,,,,,,,,,,,,,,,,,,,,,,,,,,,,,,,,,,,,,,,,,,
176,이동식,크레인,화물,트럭,적재함,소나무,인양,중,이동식크레인,아웃트리거,설치,연약지반,침하,이동식크레인,전도,이동식크레인,붐대,화물,트럭,운전석,위,강타,운전원,피재,사망,해임,,,,,,,,,,,,,,,,,,,,,,,,,,,,,,,,,,,,,,,,,,,,,,,,,
177,단독,주택,현장,노후,담장,철거,작업,진행,과정,담장,일부,브레이커,소할,작업,진행,중,나머지,담장,전도,담장,안쪽,위치,피재,전도,담장,협착,사망,해임,,,,,,,,,,,,,,,,,,,,,,,,,,,,,,,,,,,,,,,,,,,,,,,
178,피재,건설,폐기물,파형강관,외부,반출,백,호우,버켓,걸이,인양,중,섬유벨트,파형강관,낙하,피재,가격,사망,해임,,,,,,,,,,,,,,,,,,,,,,,,,,,,,,,,,,,,,,,,,,,,,,,,,,,,,,,,
179,피재,달대,볼트,등,지지,천정,패널,위,전기,배선,작업,진행,중,천정,패널,작업,하중,붕괴,아래,층,바닥,추락,사망,해임,,,,,,,,,,,,,,,,,,,,,,,,,,,,,,,,,,,,,,,,,,,,,,,,,,,
180,경량,철골,공인,피재,동료,작업자,공간,천,정판,설치,고정,작업,진행,과정,작업,일시,중단,천정,단부,이동,중,몸,중심,아래,지상,바닥,추락,사망,해임,,,,,,,,,,,,,,,,,,,,,,,,,,,,,,,,,,,,,,,,,,,,,,
181,백,호우,사용,도수관,접합,작업,진행,과정,배관공,피재,관로,상부,도수관,내부,중,도수관,백,호우,버켓,도수관,사이,피재,두부,협착,사망,해임,,,,,,,,,,,,,,,,,,,,,,,,,,,,,,,,,,,,,,,,,,,,,,,,,
182,도장공,피재,명지,대교,상행선,교각,상부,설치,점검,통로,강교,교좌,장치,용접,연결,부위,도장,뿜칠,작업,진행,중,점검,통로,단부,실족,아래,바닥,추락,사망,해임,,,,,,,,,,,,,,,,,,,,,,,,,,,,,,,,,,,,,,,,,,,,,
183,공장,지붕,판넬,설치작업,피재,슬레이트,경사,지붕,위,이동,중,노후,라이트,부재,파손,아래,콘크리트,바닥,추락,사망,해임,,,,,,,,,,,,,,,,,,,,,,,,,,,,,,,,,,,,,,,,,,,,,,,,,,,,,,
184,덤프트럭,운전,원인,피재,콘크리트,타설작업,도로,대기,중,작업,지연,차량,동료,작업자,방향,이동,차량,이,제동,차량,탑승,번,시도,차량,뒷바퀴,하반신,협착,사망,해임,,,,,,,,,,,,,,,,,,,,,,,,,,,,,,,,,,,,,,,,,,,,,,
185,피재,동료,작업자,흙막이,가시설,사용,ㄷ,강약,상부,인양,중,ㄷ,형강,와이어로프,탈락,피재,머리,가격,사망,해임,,,,,,,,,,,,,,,,,,,,,,,,,,,,,,,,,,,,,,,,,,,,,,,,,,,,,,,
186,피재,건물,외벽,청소,작업,옥상,컨테이너,받침,보도,블록,달비계,지지,로프,결속,후,달비계,탑승,창호,청소,작업,진행,중,보도블록,컨테이너,하부,피재,달비계,지상,층,바닥,추락,사망,해임,,,,,,,,,,,,,,,,,,,,,,,,,,,,,,,,,,,,,,,,,,
187,피재,천정,설치,스프링,쿨러,보온,작업,이동식,틀비계,작업발판,상부,말비계,설치,말비계,위,스프링클러,보온,작업,진행,중,몸,중심,아래,콘크리트,바닥,추락,사망,해임,,,,,,,,,,,,,,,,,,,,,,,,,,,,,,,,,,,,,,,,,,,,,,,
188,피재,지하,연결,통로,굴착,작업,구간,유출,수,배출,습윤,장소,수중,펌프,작동,상태,확인,중,접지,극,훼손,콘센트,결선,수중,펌프,외함,누전,발생,감전사,해임,,,,,,,,,,,,,,,,,,,,,,,,,,,,,,,,,,,,,,,,,,,,,
189,철골,공인,피재,철골,타워,외부,판넬,고정용,찬넬,수정,설치작업,진행,찬넬,사이,이동하,찬넬,안전대,거,순간,몸,중심,아래,지상,바닥,추락,사망,해임,,,,,,,,,,,,,,,,,,,,,,,,,,,,,,,,,,,,,,,,,,,,,,,,
190,운전원,피재,경사,지반,고소작업대,차,작업대,붐,삽입,상태,전진,후진,반복,중,전도,운전석,피재,고소작업대,붐,지반,사이,협착,사망,해임,,,,,,,,,,,,,,,,,,,,,,,,,,,,,,,,,,,,,,,,,,,,,,,,,,,
191,피재,타워크레인,수리,텔,레스코,픽,케이지,상부,작업발판,타워크레인,작동,정지,발판,이동,중,텔,레스코,픽,케이지,상하부,작업발판,연결,수직,통로,개구부,아래,하부,발판,추락,사망,해임,,,,,,,,,,,,,,,,,,,,,,,,,,,,,,,,,,,,,,,,,,,,
192,외부,비계,점검,보수,작업,지상,건물,내부,이동,준비,작업,중,슬래브,단부,아래,지상,바닥,추락,사망,해임,,,,,,,,,,,,,,,,,,,,,,,,,,,,,,,,,,,,,,,,,,,,,,,,,,,,,,,
193,철골,공인,피재,데크플레이트,설치,옥상,철,골보,상부,적치,데크,플레이트,운반,설치작업,진행,중,몸,중심,아래,콘크리트,바닥,추락,사망,해임,,,,,,,,,,,,,,,,,,,,,,,,,,,,,,,,,,,,,,,,,,,,,,,,,,,
194,유리,공인,피재,곤돌라,탑승,동료,작업자,지상,층,외부,유리,설치작업,진행,중,곤돌라,유동,방지,설치,흡착기,결속,지지,로프,탈락,곤돌라,건물,외벽,곤돌라,틈새,아래,지상,바닥,추락,사망,해임,,,,,,,,,,,,,,,,,,,,,,,,,,,,,,,,,,,,,,,,,
195,전공,피재,형,사다리,위,지하,주차장,상부,전등,설치작업,진행,중,전선,접촉,감전,아래,콘크리트,바닥,추락,사망,해임,,,,,,,,,,,,,,,,,,,,,,,,,,,,,,,,,,,,,,,,,,,,,,,,,,,,,,
196,피재,층,엘리베이터,피트,측면,설치,경량,칸막이,판넬,자재,발주,자,실측,작업,중,슬래브,단부,폭,몸,중심,실족,피트,내부,아래,지하,층,엘리베이터,피트,바닥,추락,사망,해임,,,,,,,,,,,,,,,,,,,,,,,,,,,,,,,,,,,,,,,,,,,
197,지하,층,기계실,보,거푸집,동바리,파이프,서포트,해체작업,진행,과정,파이프,써포트,본,후,그중,개,분리,운반,순간,파이프,서포트,본이,전도,계단,부위,자재정리,피재,좌측,등,부위,가격,사망,해임,,,,,,,,,,,,,,,,,,,,,,,,,,,,,,,,,,,,,,,,,
198,이동식크레인,운전원,피재,작업,후,공벽,붕괴,방지,설치,케이싱,약,운반,선회,중,전도,이동식크레인,운전석,피재,협착,사망,해임,,,,,,,,,,,,,,,,,,,,,,,,,,,,,,,,,,,,,,,,,,,,,,,,,,,,,,
199,전기공,피재,농사,분전함,설치,전선,연결,안전대,착용,후,전주,승주,안전대,몸,의지,상태,전선,연결,작업,진행,과정,안전대,작업,위치,중,몸,중심,아래,지상,추락,사망,해임,,,,,,,,,,,,,,,,,,,,,,,,,,,,,,,,,,,,,,,,,,,
200,피재,명,교대,기초,상부,철근,조립,작업,중,교대,벽체,수직,철근,이,도괴,협착,명,사망,명,부상,해임,,,,,,,,,,,,,,,,,,,,,,,,,,,,,,,,,,,,,,,,,,,,,,,,,,,,,,
201,피재,버켓,엘리베이터,하단,부인,지하,피트,볼트,절단,산소,절단기,불,순간,가스,절단기,조절,밸브,불량,노출,산소,의,가연,혼합,기체,폭연,발생,안면부,등,화상,명,사망,명,부상,해임,,,,,,,,,,,,,,,,,,,,,,,,,,,,,,,,,,,,,,,,,
202,포장,공인,피재,아스팔트,셔,포설,아스팔트,콘크리트,마무리,작업,등,진행,중,아스,콘,반입,이유,작업,일시,중지,옆,차선,이동,순간,후진,타이어,로울러,충돌,사망,해임,,,,,,,,,,,,,,,,,,,,,,,,,,,,,,,,,,,,,,,,,,,,,
203,도장공,피재,천정,크레인,주행로,워크,웨이,도장작업,진행,중,실족,아래,콘크리트,바닥,추락,사망,해임,,,,,,,,,,,,,,,,,,,,,,,,,,,,,,,,,,,,,,,,,,,,,,,,,,,,,,,,,,
204,교량,코핑,거푸집,사전,준비,작업,피재,교각,상부,설치,팔각,딩,폼,개소,사이,연결,통로,발판,설치작업,완료,후,맞은편,교각,이동,연결,통로,위,순간,팔각,딩,폼,아래,폼,연결,연결,통로,발판,탈락,피재,아래,지상,바닥,추락,사망,해임,,,,,,,,,,,,,,,,,,,,,,,,,,,,,,
205,피재,천장,철골,프레임,용접부,위,도색,작업,고소작업대,운전,중,고소작업대,과상,승,고소작업대,난간,천장,보,사이,목과,가슴,협착,사망,해임,,,,,,,,,,,,,,,,,,,,,,,,,,,,,,,,,,,,,,,,,,,,,,,,,,,
206,피재,천장,철골,프레임,용접부,위,도색,작업,고소작업대,운전,중,고소작업대,과상,승,고소작업대,난간,천장,보,사이,목과,가슴,협착,사망,해임,,,,,,,,,,,,,,,,,,,,,,,,,,,,,,,,,,,,,,,,,,,,,,,,,,,
207,피재,처마,부,철,골보,위,지붕재,샌드위치,판넬,설치,선행,작업,형강,고정,앵글,부재,용접작업,완료,후,용접,전선,정리,중,몸,중심,아래,콘크리트,바닥,추락,사망,해임,,,,,,,,,,,,,,,,,,,,,,,,,,,,,,,,,,,,,,,,,,,,
208,피재,천장,철골,프레임,용접부,위,도색,작업,고소작업대,운전,중,고소작업대,과상,승,고소작업대,난간,천장,보,사이,목과,가슴,협착,사망,해임,,,,,,,,,,,,,,,,,,,,,,,,,,,,,,,,,,,,,,,,,,,,,,,,,,,
209,피재,아파트,옥탑,거푸집,조립,작업,중,자재,하단,갱폼,케이지,중층,몸,중심,아래,지상,바닥,추락,사망,해임,,,,,,,,,,,,,,,,,,,,,,,,,,,,,,,,,,,,,,,,,,,,,,,,,,,,,,,
210,호리,빔,자재,약,층,슬래브,거푸집,위,인양,후,피재,명,섬유벨트,중,호리,빔,설치,슬래브,거푸집,붕괴,피재,명,아래,층,바닥,자재,추락,사망,명,보가,부상,해임,,,,,,,,,,,,,,,,,,,,,,,,,,,,,,,,,,,,,,,,,,,
211,중앙,광장,등,석공사,카고크레인,사용,자재,적치,파,레트,약,중앙,광장,인양,중,전도,카고크레인,붐대,하부,선,광장,청소,작업,피재,가격,사망,해임,,,,,,,,,,,,,,,,,,,,,,,,,,,,,,,,,,,,,,,,,,,,,,,,
212,타워크레인,운전,견습생,피재,지상,층,형틀,자재,약,지상,층,운반,인상,시계,방향,회전,타워크레인,발생,정지,후,조정,작업,중,마스트,사이,연결볼트,파단,인접,철도,전도,피재,사망,해임,,,,,,,,,,,,,,,,,,,,,,,,,,,,,,,,,,,,,,,,,,
213,석공,피재,석축,작업,진행,중,근접,운행,중,백,호우,전석,단부,피재,두부,사망,해임,,,,,,,,,,,,,,,,,,,,,,,,,,,,,,,,,,,,,,,,,,,,,,,,,,,,,,,,,,
214,피재,건물,외부,설치,비계,약,중,몸,중심,아래,지상,바닥,추락,사망,해임,,,,,,,,,,,,,,,,,,,,,,,,,,,,,,,,,,,,,,,,,,,,,,,,,,,,,,,,,,,,
215,피재,교량,하부,설치,비계,위,강관비계,파이프,중,몸,중심,실족,아래,지상,추락,사망,해임,,,,,,,,,,,,,,,,,,,,,,,,,,,,,,,,,,,,,,,,,,,,,,,,,,,,,,,,,,
216,골조,공사,완료,후,지상,층,파이프,써포트,창문,개구부,지상,자유,낙하,방식,반출,작업,진행,중,낙하,파이프,써포트,지상,자재정리,작업,진행,피재,두부,가격,사망,해임,,,,,,,,,,,,,,,,,,,,,,,,,,,,,,,,,,,,,,,,,,,,,
217,도로,교각,기초,공사,현장,형틀목공,피재,교각,기초,강재,거푸집,하역작업,가설,흙막이,형식,띠장,위,수신호,수행,중,실족,약,아래,기초,콘크리트,바닥,추락,사망,해임,,,,,,,,,,,,,,,,,,,,,,,,,,,,,,,,,,,,,,,,,,,,,,
218,단독,주택,경사,지붕,슬래브,위,기와,설치,공사,카고크레인,운반,기,묶음,경사,지붕,슬래브,위,분산,중,지붕,슬래브,단부,몸,중심,아래,카고크레인,적재함,추락,사망,해임,,,,,,,,,,,,,,,,,,,,,,,,,,,,,,,,,,,,,,,,,,,,,
219,도면,설치,철,골보,해체,후,조립,피재,레버,블럭,으로,철,골보,줄걸이,형식,지지,다음,해체,철,골보,마지막,볼트,제거,순간,철,골보,한쪽,피재,바닥,추락,사망,해임,,,,,,,,,,,,,,,,,,,,,,,,,,,,,,,,,,,,,,,,,,,
220,형틀목공,피재,원료,처리,시설,원형,돔,벽체,거푸집,폼,타이,설치,기,조립,벽체,철근,벽체,수직,철근,안전대,죔줄,결속,후,안전대,몸,지탱,채,폼,타이,설치작업,진행,중,수직,철근,하중,이탈,피재,추락,사망,해임,,,,,,,,,,,,,,,,,,,,,,,,,,,,,,,,,,,
221,피재,타워크레인,인상,작업,구조체,외측,작업발판,단부,안전난간,벽면,개구부,내측,작업발판,이동,중,몸,중심,실족,내부,약,아래,지하,층,타워크레인,하부,작업발판,메탈,라스,추락,사망,해임,,,,,,,,,,,,,,,,,,,,,,,,,,,,,,,,,,,,,,,,,,,,
222,보조,기층,다짐작업,종점,부,대기,진동,로울러,본선,노면,이동,중,노면,좌측,형,측구,성토,단부,법면,약,아래,전복,진동,로울러,운전원,사망,해임,,,,,,,,,,,,,,,,,,,,,,,,,,,,,,,,,,,,,,,,,,,,,,,,
223,피재,명,구조체,외벽,설치,인상,작업,중,지지,부재,지지,이탈,장비,본체,아래,낙하,후,장비,상부,이,등,충격,상부,작업지휘자,명,낙하,장비,등,사망,중간,주변,작업,중,피재,명,인접,내부,형틀작업,중,피재,명,부상,해임,,,,,,,,,,,,,,,,,,,,,,,,,,,,,,,,
224,피재,명,구조체,외벽,설치,인상,작업,중,지지,부재,지지,이탈,장비,본체,아래,낙하,후,장비,상부,이,등,충격,상부,작업지휘자,명,낙하,장비,등,사망,중간,주변,작업,중,피재,명,인접,내부,형틀작업,중,피재,명,부상,해임,,,,,,,,,,,,,,,,,,,,,,,,,,,,,,,,
225,후면,발코니,창호,코킹,작업,피재,달비계,지지,로프,옥상,층,철물,기관,결속,후,달비계,탑승,층,동료,작업자,실리콘,통,전달,순간,지지,로프,결속,철물,기관,탈락,피재,아래,콘크리트,블록,바닥,추락,사망,해임,,,,,,,,,,,,,,,,,,,,,,,,,,,,,,,,,,,,,
226,복공판,상부,지상,카고크레인,붐,선회,중,붐대,단부,줄걸이,운반용,구갈,고리,철물,복공판,바닥,적재,각관,자재,묶음,약,복공판,개구부,아래,낙하,하부,거푸집,조립,작업,진행,피재,가격,사망,해임,,,,,,,,,,,,,,,,,,,,,,,,,,,,,,,,,,,,,,,,,
227,배관공,피재,석유,정제,관련,시설,배관,천공,부위,연마,작업,핸드,그라인더,순간,감전,사망,해임,,,,,,,,,,,,,,,,,,,,,,,,,,,,,,,,,,,,,,,,,,,,,,,,,,,,,,,,,,
228,피재,등,명,흙막이,시설,설치,자재,야적장,카고크레인,사용,토류,판,카고크레인,적재함,상차,중,와이어로프,훅,토류,판,이탈,피재,가격,사망,해임,,,,,,,,,,,,,,,,,,,,,,,,,,,,,,,,,,,,,,,,,,,,,,,,,,
229,트럭,적재함,갱폼,부속,자재,묶음,발판,브라켓,볼트,등,톤,슬링벨트,단과,일,부,결속,타워크레인,정격하중,톤,인양,중,자재,철,밴드,낙하,아래,지하층,바닥,거푸집,해체작업,피재,가격,사망,해임,,,,,,,,,,,,,,,,,,,,,,,,,,,,,,,,,,,,,,,,,
230,형틀목공,피재,지상,층,건물,지붕,기,타설,콘크리트,조형물,거푸집,거푸집,동바리,중,조형물,구조체,균열,발생,슬라브,붕괴,피재,사망,해임,,,,,,,,,,,,,,,,,,,,,,,,,,,,,,,,,,,,,,,,,,,,,,,,,,,,
231,조,공인,피재,지상,층,벽체,상단,부,조,작업,이동식,틀비계,상,작업발판,설치,후,승강,사다리,작업발판,위,작업,필요,자재,중,승강,사다리,실족,아래,바닥,추락,사망,해임,,,,,,,,,,,,,,,,,,,,,,,,,,,,,,,,,,,,,,,,,,,
232,지상,층,보,거푸집,설치,공사,피재,명,타워크레인,인양,거푸집,약,거치,후,샤클,거푸집,끝단,중,상승,샤클,거푸집,이탈,피재,명,보,거푸집,약,아래,층,바닥,추락,명,사망,명,부상,해임,,,,,,,,,,,,,,,,,,,,,,,,,,,,,,,,,,,,,,,
233,백,호우,운전기사,피재,백,호우,퀵,커플러,콘크리트,구조물,측구,집수정,양중,후,회전,중,백,호우,전도,운전석,이탈,피재,지면,전도,백,호우,사이,협착,사망,해임,,,,,,,,,,,,,,,,,,,,,,,,,,,,,,,,,,,,,,,,,,,,,
234,경전철,공사,현장,교량,부공,조립용,가설,철구,조물,낙하,상부,작업,근로자,명,사망,명,부상,해임,,,,,,,,,,,,,,,,,,,,,,,,,,,,,,,,,,,,,,,,,,,,,,,,,,,,,,,,,
235,경전철,공사,현장,교량,부공,조립용,가설,철구,조물,낙하,상부,작업,근로자,명,사망,명,부상,해임,,,,,,,,,,,,,,,,,,,,,,,,,,,,,,,,,,,,,,,,,,,,,,,,,,,,,,,,,
236,측량,보조,공인,피재,터널,시점,부,절토,사면,상부,소단,폭,약,위,측량작업,진행,중,몸,중심,실족,아래,지면,추락,사망,해임,,,,,,,,,,,,,,,,,,,,,,,,,,,,,,,,,,,,,,,,,,,,,,,,,,
237,바닥,난방,보수,공사,피재,주방,방,칸막이,벽체,철거,작업,진행,중,상부,제거,칸막이,벽체,일부,낙하,피재,가격,사망,해임,,,,,,,,,,,,,,,,,,,,,,,,,,,,,,,,,,,,,,,,,,,,,,,,,,,,
238,사우나,실,상부,돔,부분,골조,형강,도장작업,사전,준비,피재,내부,비계,상,비닐,보양,작업,진행,중,비계,작업발판,합판,탈락,아래,콘크리트,바닥,추락,사망,해임,,,,,,,,,,,,,,,,,,,,,,,,,,,,,,,,,,,,,,,,,,,,,,
239,피재,달비계,탑승,후,교사,동,벽체,도장작업,진행,중,교사,층,복도,창문,안전난간,고정,달비계,로프,매듭,달비계,지상,추락,사망,해임,,,,,,,,,,,,,,,,,,,,,,,,,,,,,,,,,,,,,,,,,,,,,,,,,,,
240,이동식,크레인,사용,교량,코핑,폼,해체작업,진행,중,가,하부,작업발판,강타,발판,발판,위,피재,명,아래,지상,바닥,추락,명,사망,명,부상,해임,,,,,,,,,,,,,,,,,,,,,,,,,,,,,,,,,,,,,,,,,,,,,,,,
241,미장공,피재,층,엘리베이터,앞,알람,벨,브,실,외벽,측,벽부,초벌,미장,후,와이어,브,러쉬,스크래치,작업,진행,중,몸,중심,계단참,창호,측면,개구부,아래,콘크리트,바닥,추락,사망,해임,,,,,,,,,,,,,,,,,,,,,,,,,,,,,,,,,,,,,,,,,
242,백,호우,사용,전석,덤프트럭,상차,중,버켓,적재함,전석,지상,바닥,낙하,인접,장소,작업,중,어스,앵커,천공,장비,기사,피재,가격,사망,해임,,,,,,,,,,,,,,,,,,,,,,,,,,,,,,,,,,,,,,,,,,,,,,,,,
243,교각,주,두부,하부,가시설,거푸집,지지,철골,브라켓,약,지상,약,높이,크레인,대,대,이용,지면,중,돌출물,양중,작업,정지,신호,일치,하중,발생,양중,와이어로프,파단,철골,브라켓,낙하,하부,신호,작업,수행,피재,가격,사망,해임,,,,,,,,,,,,,,,,,,,,,,,,,,,,,,,,,,
244,견출,공인,피재,아파트,외벽,견출,작업,옥탑,상부,슬래브,설치,피뢰침,기초,달비계,지지,로프,체결,로프,반대편,달비계,샤클,결속,후,달비계,견출,작업,진행,중,달비계,샤클,결속,로프,아래,지상,추락,사망,해임,,,,,,,,,,,,,,,,,,,,,,,,,,,,,,,,,,,,,,
245,철골,공인,피재,흙막이,지보공,해체작업,진행,과정,버팀대,띠장,이동,중,실족,아래,콘크리트,바닥,추락,사망,해임,,,,,,,,,,,,,,,,,,,,,,,,,,,,,,,,,,,,,,,,,,,,,,,,,,,,,,,,
246,석공,피재,아파트,세대,측벽,외부,계단,상부,석재,양중,용도,설치,윈치,리모,콘,전원선,연결,안전난간,중간,대,중,앞,아래,지상,바닥,추락,사망,해임,,,,,,,,,,,,,,,,,,,,,,,,,,,,,,,,,,,,,,,,,,,,,,,
247,피재,트렌치,굴착,법면,단부,철골,휀스,위치,이동,설치,과정,철골,휀스,인양고리,섬유벨트,후크,순간,철골,휀스,착면,방향,전도,피재,사망,해임,,,,,,,,,,,,,,,,,,,,,,,,,,,,,,,,,,,,,,,,,,,,,,,,,,
248,도장공,피재,연돌,상부,달비계,지지,로프,설치,중,연돌,내부,개구부,아래,지상,바닥,추락,사망,해임,,,,,,,,,,,,,,,,,,,,,,,,,,,,,,,,,,,,,,,,,,,,,,,,,,,,,,,,,
249,교량,가시설,물강,동바리,상부,철골,공인,피재,브레,이싱,설치작업,인양,자재,형강,적재,위치,유도,중,양물,아래,교대,기초,상부,추락,사망,해임,,,,,,,,,,,,,,,,,,,,,,,,,,,,,,,,,,,,,,,,,,,,,,,,,
250,창고,지붕판,설치작업,피재,설치,중,지붕,판넬,위,이동,중,경량,철골,트러스,부재,지붕,판넬,발생,개구부,아래,콘크리트,바닥,추락,사망,해임,,,,,,,,,,,,,,,,,,,,,,,,,,,,,,,,,,,,,,,,,,,,,,,,,,
251,피해자,문화,회관,무대,상부,무대,장치,구동,부,데크,스틸,레이팅,내화,뿜칠,재폐,석면,제거,작업,개구부,합판,중,몸,중심,아래,콘크리트,바닥,추락,사망,해임,,,,,,,,,,,,,,,,,,,,,,,,,,,,,,,,,,,,,,,,,,,,,,
252,피재,교각,코핑,상부,거치,의,철근,용접작업,후,코핑,상부,이동,중,발,부위,아래,지면,추락,사망,해임,,,,,,,,,,,,,,,,,,,,,,,,,,,,,,,,,,,,,,,,,,,,,,,,,,,,,,,
253,타워크레인,마스트,연장,작업,명,텔,레스코,픽,케이지,상부,케이지,턴테이블,연결핀,분리,작업,중,텔,레스코,픽,케이지,하부,지하,주차장,콘크리트,바닥,낙하,케이지,상부,작업,피재,명,케이지,추락,사망,하부,피재,명,비산,파편,부상,해임,,,,,,,,,,,,,,,,,,,,,,,,,,,,,,,,,,
254,타워크레인,마스트,연장,작업,명,텔,레스코,픽,케이지,상부,케이지,턴테이블,연결핀,분리,작업,중,텔,레스코,픽,케이지,하부,지하,주차장,콘크리트,바닥,낙하,케이지,상부,작업,피재,명,케이지,추락,사망,하부,피재,명,비산,파편,부상,해임,,,,,,,,,,,,,,,,,,,,,,,,,,,,,,,,,,
255,흙막이,가시설,해체,이동식크레인,띠장,형강,결속,인양,중,브라켓,거치,인접,띠장,충격,이탈,낙하,하부,일정,거리,장소,대기,중,피재,가격,사망,해임,,,,,,,,,,,,,,,,,,,,,,,,,,,,,,,,,,,,,,,,,,,,,,,,,
256,피재,산소,압송관,형,연결,작업,배관,절단,후,핸드,그라인더,사용,연삭,작업,진행,중,배관,방출,고농,산소,불티,화재,급속,확산,피재,전신,화상,사망,해임,,,,,,,,,,,,,,,,,,,,,,,,,,,,,,,,,,,,,,,,,,,,,,
257,용수,잠관,설치작업,용수,지선,구간,내,소나무,대상,벌목,작업,진행,하단,중,전도,소나무,사망,해임,,,,,,,,,,,,,,,,,,,,,,,,,,,,,,,,,,,,,,,,,,,,,,,,,,,,,,,,,
258,피재,철골,기초,앵커,볼트,설치,카고크레인,앵커,볼트,하역작업,진행,중,카고크레인,턴테이블,파단,전도,붐대,피재,두부,가격,사망,해임,,,,,,,,,,,,,,,,,,,,,,,,,,,,,,,,,,,,,,,,,,,,,,,,,,,,,
259,용접공,피재,보일러,연관,제거,후,내부,청소,작업,실시,중,투광,등,연결,전선,충전부,노출,부위,감전,사망,해임,,,,,,,,,,,,,,,,,,,,,,,,,,,,,,,,,,,,,,,,,,,,,,,,,,,,,,
260,형틀목공,피재,아파트,옥탑,계단실,설치,갱폼,타워크레인,지지,상태,갱폼,고정용,폼타이,앵커,볼트,중,갱폼,탈락,갱폼,약,아래,콘크리트,바닥,추락,사망,해임,,,,,,,,,,,,,,,,,,,,,,,,,,,,,,,,,,,,,,,,,,,,,,,,,
261,철근,공인,피재,등,명,층,바닥,슬래브,구조,슬래브,지주,공법,상부,철근,다발,작업,진행,중,호리,빔,지지,보측,집유,폼,중약,붕괴,피재,명,슬래브,거푸집,철근,더미,약,아래,바닥,추락,명,사망,명,부상,해임,,,,,,,,,,,,,,,,,,,,,,,,,,,,,,,,,,
262,피재,공장,기존,슬레이트,지붕,칼라,강판,작업,진행,중,몸,중심,발,슬레이트,파손,아래,콘크리트,바닥,추락,사망,해임,,,,,,,,,,,,,,,,,,,,,,,,,,,,,,,,,,,,,,,,,,,,,,,,,,,,,,
263,철골,공사,현장,반입,철골부,하역작업,진행,피재,트레일러,적재함,상부,철골,부재,단부,스터드,볼트,와이어로프,인양,중,철골,부재,탈락,피재,강타,사망,해임,,,,,,,,,,,,,,,,,,,,,,,,,,,,,,,,,,,,,,,,,,,,,,,,,
264,덤프트럭,운전,원인,피재,호수,주변,가도,덤프트럭,상차,토사,하역,후진,중,가도,지반,석축,일부,붕괴,덤프트럭,호수,전복,피재,익사,해임,,,,,,,,,,,,,,,,,,,,,,,,,,,,,,,,,,,,,,,,,,,,,,,,,,,
265,피재,도로,커팅,작업,도로,노면,라인,마킹,진행,중,버켓,교환,후진,백,호우,충돌,바퀴,협착,사망,해임,,,,,,,,,,,,,,,,,,,,,,,,,,,,,,,,,,,,,,,,,,,,,,,,,,,,,,,
266,부두,축조,현장,용접공,피재,동바리,지지,용인,설치,형강,작업발판,용도,해,강관,파일,용접,설치,중,지지,탈락,아래,해상,추락,익사,해임,,,,,,,,,,,,,,,,,,,,,,,,,,,,,,,,,,,,,,,,,,,,,,,,,,
267,덤프트럭,운전원,피재,지하철,현장,운반,사토,사토장,하역,후,가설,도로,운행,중,가설,도로,측면,암,사면,붕괴,덤프트럭,매몰,사망,해임,,,,,,,,,,,,,,,,,,,,,,,,,,,,,,,,,,,,,,,,,,,,,,,,,,,
268,철골,공인,피재,철골,조립,작업,철골,구조물,상부,이동,중,실족,아래,콘크리트,바닥,추락,사망,해임,,,,,,,,,,,,,,,,,,,,,,,,,,,,,,,,,,,,,,,,,,,,,,,,,,,,,,,,,
269,교량,슬래브,상부,카고크레인,이용,시멘트,블록,교량,하부,지면,운반,중,카고크레인,전도,운전원,피재,교량,하부,콘크리트,바닥,약,추락,사망,해임,,,,,,,,,,,,,,,,,,,,,,,,,,,,,,,,,,,,,,,,,,,,,,,,,,,
270,비계공,피재,타워크레인,수직,부재,등,조립,이동식크레인,를,연결,후,부속,장치,등,설치작업,진행,중,연결,편,하중,작업,하중,타워크레인,기초,부,체설,전도,의,상,안전대,작업,중,피재,충돌,협착,명,사망,명,부상,해임,,,,,,,,,,,,,,,,,,,,,,,,,,,,,,,,,,,
271,도시,개발,사업,조성공사,현장,개착,식,터널,구간,측,면부,절취,사면,폭,일부,구간,토석,이,붕괴,하부,구조물,철근,거푸집,조립,작업,중,피재,명,매몰,사망,명,부상,해임,,,,,,,,,,,,,,,,,,,,,,,,,,,,,,,,,,,,,,,,,,
272,비계공,피재,건물,외부,마감,작업,기,설치,외부,비계,해체작업,진행,중,띠장,건물,전면,몸,중심,아래,지상,추락,사망,해임,,,,,,,,,,,,,,,,,,,,,,,,,,,,,,,,,,,,,,,,,,,,,,,,,,,,
273,아파트,지하,주차장,층,슬래브,데크플레이트,설치작업,피재,작업,도구,망치,보형틀,상부,이동,중,몸,중심,실족,아래,콘크리트,바닥,추락,사망,해임,,,,,,,,,,,,,,,,,,,,,,,,,,,,,,,,,,,,,,,,,,,,,,,,,,,
274,아파트,층,설치,갱폼,층,인양,피재,해체작업,진행,중,조임,철물,사전,제거,갱폼,한쪽,면,탈락,갱폼,작업발판,단부,개구부,아래,콘크리트,바닥,추락,사망,해임,,,,,,,,,,,,,,,,,,,,,,,,,,,,,,,,,,,,,,,,,,,,,,,
275,피재,지하철,정거장,복공,상부,화물자동차,쓰레기,폐기물,박스,하역,후,정차,화물자동차,탑승,운전,시도,중,화물차,전방,돌진,작업,개구부,아래,정거장,바닥,추락,명,사망,명,낙하물,부상,해임,,,,,,,,,,,,,,,,,,,,,,,,,,,,,,,,,,,,,,,,,,,
276,아파트,전면,잔디,식재,피재,화물자동차,적재함,상부,잔디,하역작업,진행,중,몸,중심,아파트,내,아스팔트,바닥,추락,사망,해임,,,,,,,,,,,,,,,,,,,,,,,,,,,,,,,,,,,,,,,,,,,,,,,,,,,,,,
277,비계공,피재,타워크레인,수직,부재,등,조립,이동식크레인,를,연결,후,부속,장치,등,설치작업,진행,중,연결,편,하중,작업,하중,타워크레인,기초,부,체설,전도,의,상,안전대,작업,중,피재,충돌,협착,명,사망,명,부상,해임,,,,,,,,,,,,,,,,,,,,,,,,,,,,,,,,,,,
278,펌프카,사용,콘크리트,타설작업,완료,후,피재,유압,작동,펌프카,붐,단,상태,유압,조정,밸브,붐,하강,붐,사이,피재,머리,협착,사망,해임,,,,,,,,,,,,,,,,,,,,,,,,,,,,,,,,,,,,,,,,,,,,,,,,,,
279,토류,판,목재,다발,장소,이동,섬유벨트,결속,굴삭기,버켓,훅,인양,약,중,섬유벨트,하중,파단,목재,다발,피재,가격,사망,해임,,,,,,,,,,,,,,,,,,,,,,,,,,,,,,,,,,,,,,,,,,,,,,,,,,,,
280,소나무,벌목,작업,중,피재,소나무,발,지표,경사면,암반,모서리,머리,의식,사망,해임,,,,,,,,,,,,,,,,,,,,,,,,,,,,,,,,,,,,,,,,,,,,,,,,,,,,,,,,,,,,
281,철골,구조물,조립,작업,피재,철골,구조,상부,길이,찬넬,개,이동식크레인,인양,거치,상태,쪽,섬유벨트,샤클,후,반대편,체결,샤클,이동,중,실족,아래,콘크리트,바닥,추락,사망,해임,,,,,,,,,,,,,,,,,,,,,,,,,,,,,,,,,,,,,,,,,,,,
282,피재,통행,차량,신호,중,송수관,부설,작업,후,후진,백,호우,충돌,사망,해임,,,,,,,,,,,,,,,,,,,,,,,,,,,,,,,,,,,,,,,,,,,,,,,,,,,,,,,,,,,,
283,피재,현장,내,순찰,박스,상부,중,박스,상부,슬래브,개구부,실족,아래,박스,내부,바닥,추락,사망,해임,,,,,,,,,,,,,,,,,,,,,,,,,,,,,,,,,,,,,,,,,,,,,,,,,,,,,,,,
284,피재,명,성곽,돌,시공,담장,하부,경계석,몰탈,충,작업,중,담장,상부,석재,굴삭기,하중,담장,붕괴,석재,토사,매몰,명,사망,나머지,명,상당,해임,,,,,,,,,,,,,,,,,,,,,,,,,,,,,,,,,,,,,,,,,,,,,,,
285,피재,우수관,매설,작업,굴착,부위,저면,레벨,측정,중,굴착,사면,일부,약,붕괴,매몰,사망,해임,,,,,,,,,,,,,,,,,,,,,,,,,,,,,,,,,,,,,,,,,,,,,,,,,,,,,,,,,
286,피재,성당,내부,천장,방염,처리,공사,내부,비계,작업발판,용도,합판,설치,중,기,설치,합판,피재,이동,중,파손,아래,지상,바닥,추락,사망,해임,,,,,,,,,,,,,,,,,,,,,,,,,,,,,,,,,,,,,,,,,,,,,,,,
287,피재,지상,층,높이,쌍줄,비계,상,진망,설치,쌍줄,비계,이동,중,쌍줄,비계,외측,실족,아래,지상,층,바닥,추락,사망,해임,,,,,,,,,,,,,,,,,,,,,,,,,,,,,,,,,,,,,,,,,,,,,,,,,,,
288,교량,교각,기초,철근,조립,작업,중,발생,돌풍,철근,결속선,절단,수직,철근,전도,피재,수직,철근,협착,사망,해임,,,,,,,,,,,,,,,,,,,,,,,,,,,,,,,,,,,,,,,,,,,,,,,,,,,,,,
289,피재,지하,층,지하,층,손수레,운반,슬래브,단부,설치,안전난간,일부,섬유,프로,손수레,약,운반,중,몸,중심,손수레,약,아래,바닥,추락,사망,해임,,,,,,,,,,,,,,,,,,,,,,,,,,,,,,,,,,,,,,,,,,,,,,,,
290,피재,이동식,계단,발판,위,오수,배관,설치,중,작업발판,훅,탈락,아래,콘크리트,바닥,추락,사망,해임,,,,,,,,,,,,,,,,,,,,,,,,,,,,,,,,,,,,,,,,,,,,,,,,,,,,,,,,,
291,철골,해체작업,피재,철골기둥,승강,사다리,중,기초,앵커,너트,철골기둥,피재,전도,피재,콘크리트,바닥,철골기둥,사이,협착,사망,해임,,,,,,,,,,,,,,,,,,,,,,,,,,,,,,,,,,,,,,,,,,,,,,,,,,,,,,
292,갱폼,해체,작업,타워,크레인,지지,갱폼,앵커,볼트,해체작업,완료,후,인접,갱폼,이동,중,앵커,볼트,기,해체,갱폼,탈락,갱폼,약,아래,지상,추락,사망,해임,,,,,,,,,,,,,,,,,,,,,,,,,,,,,,,,,,,,,,,,,,,,,,
293,피재,아치교,부경사,설치,안전난간,수직,보호망,해체작업,진행,중,실족,아래,바닥,추락,사망,해임,,,,,,,,,,,,,,,,,,,,,,,,,,,,,,,,,,,,,,,,,,,,,,,,,,,,,,,,,,,
294,피재,동료,작업자,명과,철골,지붕,상부,샌드위치 판넬,설치작업,진행,중,지붕,기,인양,판넬,몸,중심,아래,지상,바닥,추락,사망,해임,,,,,,,,,,,,,,,,,,,,,,,,,,,,,,,,,,,,,,,,,,,,,,,,,,,,
295,피재,명,형,사다리,위,기둥,상부,창방,조립,중,전도,방지,버팀대,하중,파손,기둥,사다리,전도,명,사망,나머지,명,지상,보조,피재,상당,해임,,,,,,,,,,,,,,,,,,,,,,,,,,,,,,,,,,,,,,,,,,,,,,,,
296,피재,명,하수관거,연결,작업,진행,중,기존,매립,상,수관,파열,누수,발생,이,안정,굴착,법면,붕괴,피재,명,토사,매몰,사망,해임,,,,,,,,,,,,,,,,,,,,,,,,,,,,,,,,,,,,,,,,,,,,,,,,,,
297,피재,지붕,단부,동판,후,레싱,아스팔트,부착,작업,진행,중,몸,중심,아래,지상,추락,사망,해임,,,,,,,,,,,,,,,,,,,,,,,,,,,,,,,,,,,,,,,,,,,,,,,,,,,,,,,,,
298,하수관,부설,작업,진행,과정,매설,물,횡단,배수로,간,흙막이,설치,가능,피재,굴착,작업,진행,중,굴착,법면,붕괴,매몰,사망,해임,,,,,,,,,,,,,,,,,,,,,,,,,,,,,,,,,,,,,,,,,,,,,,,,,,,
299,피재,창틀,보양재,제거,작업,후,점심,외부,비계,작업발판,이동,중,실족,아래,지하층,장비,반,입구,바닥,추락,사망,해임,,,,,,,,,,,,,,,,,,,,,,,,,,,,,,,,,,,,,,,,,,,,,,,,,,,,,
300,철골,공인,피재,공장,천정,마감재,철판,중,용접,부위,탈락,철판,몸,중심,아래,바닥,추락,사망,해임,,,,,,,,,,,,,,,,,,,,,,,,,,,,,,,,,,,,,,,,,,,,,,,,,,,,,,,,
301,지상,층,해체,거푸집,유로폼,탈락,비계,수직,망,낙하,지하,층,자재,하역작업,피재,가격,사망,해임,,,,,,,,,,,,,,,,,,,,,,,,,,,,,,,,,,,,,,,,,,,,,,,,,,,,,,,,,
302,도장공,피재,고소작업차,탑승,설비,탑승,철골기둥,내화,피복,도장작업,진행,중,붐,강하,탑승,설비,철골,보조,기둥,충돌,안전,난간,파손,피재,아래,지상,콘크리트,바닥,추락,사망,해임,,,,,,,,,,,,,,,,,,,,,,,,,,,,,,,,,,,,,,,,,,,,
303,피재,등,명,굴삭기,사용,전석,작업,진행,중,경사면,단부,전석,아래,피재,가격,협착,사망,해임,,,,,,,,,,,,,,,,,,,,,,,,,,,,,,,,,,,,,,,,,,,,,,,,,,,,,,,,,
304,피재,콘크리트,타설,보양,작업,진행,중,지상,층,구간,설치,갱폼,작업발판,구조,물간,이격,개구부,아래,지상,추락,해임,,,,,,,,,,,,,,,,,,,,,,,,,,,,,,,,,,,,,,,,,,,,,,,,,,,,,,
305,형틀목공,피재,형,옹,벽,내부,거푸집,설치,후,동바리,설치,주변,자재,정리,중,벽체,내부,거푸집,전도,집,협착,명,사망,명,부상,해임,,,,,,,,,,,,,,,,,,,,,,,,,,,,,,,,,,,,,,,,,,,,,,,,,
306,피재,절토,비탈면,낙석,방지망,설치,이동식,크레인,낙석,방지망,인양,기구,망,결속,부위,절단,순간,몸,중심,아래,지면,추락,사망,해임,,,,,,,,,,,,,,,,,,,,,,,,,,,,,,,,,,,,,,,,,,,,,,,,,,,
307,피재,주유소,캐노피,상부,유리,설치작업,유리,압착기,사용,동료,근로자,양쪽,판유리,약,운반,중,유리,압착기,몸,중심,아래,지상,추락,사망,해임,,,,,,,,,,,,,,,,,,,,,,,,,,,,,,,,,,,,,,,,,,,,,,,,,,
308,흙막이,상부,로우,더,오수관,운반,작업,진행,중,결속,딩,관로,본이,굴착,저면,부,낙하,흙막이,아래,굴착,저면,거리,측량,피재,강타,사망,해임,,,,,,,,,,,,,,,,,,,,,,,,,,,,,,,,,,,,,,,,,,,,,,,,
309,아파트,상,가동,콘크리트,타설,도중,거푸집,변형,콘크리트,재자,콘크리트,잔재물,백,호우,버켓,삽,중,버켓,피재,가격,사망,해임,,,,,,,,,,,,,,,,,,,,,,,,,,,,,,,,,,,,,,,,,,,,,,,,,,,,,
310,가시설,방호벽,해체작업,작업반장,산소,용접기,절단,경사,도괴,주변,정리,피재,두부,강타,사망,해임,,,,,,,,,,,,,,,,,,,,,,,,,,,,,,,,,,,,,,,,,,,,,,,,,,,,,,,,,,,
311,피재,고소작업차,탑승,설비,교량,슬래브,하부,거푸집,해체작업,진행,중,약,아래,지상,추락,사망,해임,,,,,,,,,,,,,,,,,,,,,,,,,,,,,,,,,,,,,,,,,,,,,,,,,,,,,,,,,,
312,천장,철,골보,하부,가설,전선,케이블,지지,피재,고소작업대,탑승,체인블록,케이블,인양,천장,우프,후,체인블록,과정,케이블,지지,우프,낙하,고소작업대,측면,난간대,케이블,약,고소작업대,전도,아래,콘크리트,바닥,추락,사망,해임,,,,,,,,,,,,,,,,,,,,,,,,,,,,,,,,,,,,,,,
313,철골,공인,피재,공장,지붕,철골,조립,작업,철,골보,상부,이동식크레인,인양,철골빔,설치,위치,유도,중,철골빔,안전대,부착,설비,가격,충격,수평,구명줄,고정부,지주,피재,아래,지상,바닥,추락,사망,해임,,,,,,,,,,,,,,,,,,,,,,,,,,,,,,,,,,,,,,,,
314,수중,석축,공사,크레인,하선,작업,진행,도중,차도선,카,균형,크레인,해상,전복,침몰,선장,등,명,익사,해임,,,,,,,,,,,,,,,,,,,,,,,,,,,,,,,,,,,,,,,,,,,,,,,,,,,,,,,
315,기존,블록,조립,장,설치,이동식크레인,철판,약,인양,붐,선회,신장,중,크레인,전도,블록,조립,작업장,작업,중,피재,명,가격,명,사망,명,부상,해임,,,,,,,,,,,,,,,,,,,,,,,,,,,,,,,,,,,,,,,,,,,,,,,
316,피재,해체,흙막이,가시설,형강,현장,외부,반출,이동식,크레인,운전원,교신,중,볼트,해체,상태,거치,낙하,피재,안면부,강타,사망,해임,,,,,,,,,,,,,,,,,,,,,,,,,,,,,,,,,,,,,,,,,,,,,,,,,,,,
317,농,수직,굴착,약,폭,약,저면,상수도관,부설,작업,진행,과정,배관,설치,접합,작업,중,굴착,법면,상단,지반,붕괴,피재,매몰,사망,해임,,,,,,,,,,,,,,,,,,,,,,,,,,,,,,,,,,,,,,,,,,,,,,,,,
318,피재,낙하물방지망,설치작업,진행,중,발코니,턱,매입,낙하물방지망,지지,앵커,탈락,피재,아래,지상,바닥,추락,사망,해임,,,,,,,,,,,,,,,,,,,,,,,,,,,,,,,,,,,,,,,,,,,,,,,,,,,,,,,,
319,피재,지하,주차장,경사,슬래브,콘크리트,타설,과정,슬래브,거푸집,변형,침하,등,이상,유무,점검,중,거푸집,동바리,최대,층고,약,붕괴,매몰,사망,해임,,,,,,,,,,,,,,,,,,,,,,,,,,,,,,,,,,,,,,,,,,,,,,,,,
320,데크,플레이트,상부,철근,과적재,전체,약,집중,약,측면,집유,폼,각재,상재,하중,지탱,슬래브,붕괴,슬래브,상부,작업,중,피재,명,아래,지상,바닥,추락,명,사망,명,부상,해임,,,,,,,,,,,,,,,,,,,,,,,,,,,,,,,,,,,,,,,,,,
321,피재,배전,간선,관로,파손,부위,교체,굴착,부위,폭,너비,저면,작업,후,상부,이동,중,하천,제방,측,터파기,사면,일부,약,붕괴,매몰,명,사망,명,부상,해임,,,,,,,,,,,,,,,,,,,,,,,,,,,,,,,,,,,,,,,,,,,,
322,고속도,건설,공사,터널,현장,막장,숏,리트,타설,작업,진행,중,차,숏,리트,타설,시공,완료,선행,막장,천,단부,암,반약,낙하,숏,리트,장비,작업대,탑승,작업,중,피재,사망,해임,,,,,,,,,,,,,,,,,,,,,,,,,,,,,,,,,,,,,,,,
323,피재,덤프트럭,신호,토취장,내,크러셔,투입구,앞,중,후진,로우,버켓,용량,충돌,사망,해임,,,,,,,,,,,,,,,,,,,,,,,,,,,,,,,,,,,,,,,,,,,,,,,,,,,,,,,,,,,
324,피재,명,옹벽,상단,콘크리트,타설작업,진행,중,콘크리트,측압,벽체,탈락,강재,거푸집,전도,아래,지상,바닥,추락,명,사망,명,부상,해임,,,,,,,,,,,,,,,,,,,,,,,,,,,,,,,,,,,,,,,,,,,,,,,,,,,
325,피재,정화조,내부,방,수작업,완료,후,정화조,개구부,거치,이동식사다리,상부,관리,중,몸,중심,아래,정하,조,바닥,추락,사망,해임,,,,,,,,,,,,,,,,,,,,,,,,,,,,,,,,,,,,,,,,,,,,,,,,,,,,
326,도장공,피재,달비계,위,아파트,계단실,외부,계단,창호,손도장,작업,진행,중,달비계,몸,중심,아래,바닥,추락,사망,해임,,,,,,,,,,,,,,,,,,,,,,,,,,,,,,,,,,,,,,,,,,,,,,,,,,,,,,
327,설비,공인,피재,수직,굴착,저면,상수도관,연결,용접작업,수행,중,굴착,법면,토사,약,붕괴,매몰,사망,해임,,,,,,,,,,,,,,,,,,,,,,,,,,,,,,,,,,,,,,,,,,,,,,,,,,,,,,,,
328,피재,교각,기둥,강재,거푸집,작업발판,위,거푸집,해체작업,진행,중,거푸집,탈락,거푸집,추락,사망,해임,,,,,,,,,,,,,,,,,,,,,,,,,,,,,,,,,,,,,,,,,,,,,,,,,,,,,,,,,,
329,피재,카,리프트,출입구,단부,인접,말비계,위,벽면,컴,프레,배관,설치작업,진행,과정,바닥,고정,볼트,실족,카르,트,출입구,아래,지하,층,바닥,추락,사망,해임,,,,,,,,,,,,,,,,,,,,,,,,,,,,,,,,,,,,,,,,,,,,,,
330,피재,명,시스템,폼,인양,섬유벨트,시스템,폼,수직재,수평재,사이,타워크레인,인양,중,시스템,폼,결,클램프,하중,집중,클램프,파단,이,시스템,폼,낙하,인접,벽체,작업발판,피재,명,가격,명,사망,명,부상,해임,,,,,,,,,,,,,,,,,,,,,,,,,,,,,,,,,,,,,,
331,지하층,옹,벽,철근,배근,작업,완료,후,타워크레인,대형,거푸집,약,인양,쌍줄,비계,옹벽,철근,사이,폭,약,설치,과정,대형,거푸집,옹벽,철근,약,수직,철근,낙하,피재,가격,사망,해임,,,,,,,,,,,,,,,,,,,,,,,,,,,,,,,,,,,,,,,,,
332,타일,보조,공인,재해자,건물,중,정부,설치,비계,작업발판,위,타일,부착,작업,진행,중,실족,아래,콘크리트,바닥,추락,사망,해임,,,,,,,,,,,,,,,,,,,,,,,,,,,,,,,,,,,,,,,,,,,,,,,,,,,,
333,피재,명,방화벽,거푸집,위,콘크리트,타설,완료,후,면정,덮개,설치,작업,진행,중,동시,아래,콘크리트,바닥,추락,명,사망,명,부상,해임,,,,,,,,,,,,,,,,,,,,,,,,,,,,,,,,,,,,,,,,,,,,,,,,,,
334,교량,강교,하부,설치,안전방망,고소작업차,사용,중,고소작업차,전도,작업대,탑승,피재,작업대,추락,명,사망,명,상당,해임,,,,,,,,,,,,,,,,,,,,,,,,,,,,,,,,,,,,,,,,,,,,,,,,,,,,,,,
335,창호,공인,피재,창호설치,발코니,난간,윈치,설치,후,창호,틀,인양,중,발코니,난간,탈락,아래,지상,추락,사망,해임,,,,,,,,,,,,,,,,,,,,,,,,,,,,,,,,,,,,,,,,,,,,,,,,,,,,,,
336,철골,공인,피재,지상,조립,철,골보,상부,철골기둥,철,골보,연결,장력,볼트,정조,작업,진행,중,몸,중심,철,골보,안전방망,사이,개구부,아래,콘크리트,바닥,추락,사망,해임,,,,,,,,,,,,,,,,,,,,,,,,,,,,,,,,,,,,,,,,,,,,
337,피재,세대,주택,캔틸레버,구조,외부,계단실,계단참,슬래브,약,지지,알루미늄,창틀,노루발,일,명,빠루,해체작업,진행,중,자중,작업,하중,등,슬래브,붕괴,피재,두부,가격,사망,해임,,,,,,,,,,,,,,,,,,,,,,,,,,,,,,,,,,,,,,,,,,,,
338,맨홀,케이블,긴장,작업,완료,후,잉여,케이블,카고크레인,사용,인양,중,약,위치,와이어로프,파단,잉여,케이블,재자,두부,가격,사망,해임,,,,,,,,,,,,,,,,,,,,,,,,,,,,,,,,,,,,,,,,,,,,,,,,,,,,
339,옹벽,철근,조립,작업,진행,과정,우측,벽체,외측,하부,철근,자립,상실,무게,중심,측면,끝단,외측,철근,조립,중,피재,안면,강타,사망,해임,,,,,,,,,,,,,,,,,,,,,,,,,,,,,,,,,,,,,,,,,,,,,,,,,
340,피재,아파트,외벽,도장작업,달비계,작업대,탑승,중,몸,중심,아래,콘크리트,바닥,추락,사망,해임,,,,,,,,,,,,,,,,,,,,,,,,,,,,,,,,,,,,,,,,,,,,,,,,,,,,,,,,,,,
341,피재,계단실,내부,벽체,도장작업,형사,다리,위,천정,부분,페인트,보양,비닐,테이프,중,실족,계단실,바닥,추락,사망,해임,,,,,,,,,,,,,,,,,,,,,,,,,,,,,,,,,,,,,,,,,,,,,,,,,,,,,,
342,외부,쌍줄,비계,해체작업,진행,과정,피재,수평,띠장,옥상,중,무게,반력,실족,아래,지상,바닥,추락,사망,해임,,,,,,,,,,,,,,,,,,,,,,,,,,,,,,,,,,,,,,,,,,,,,,,,,,,,,,,
343,피재,교량,보수,설치,비계,방진막,해체작업,진행,과정,비계,상부,이동,중,몸,중심,작업발판,단부,개구부,추락,사망,해임,,,,,,,,,,,,,,,,,,,,,,,,,,,,,,,,,,,,,,,,,,,,,,,,,,,,,,
344,피재,철거,잔재,선별,선별,망,백,호우,붐,끝,후크,체인,선별,망,양중,중,달기,체인,이탈,선별,망이,전도,피재,선별,망,협착,사망,해임,,,,,,,,,,,,,,,,,,,,,,,,,,,,,,,,,,,,,,,,,,,,,,,
345,피재,층,슬래브,단부,철근,양,작업,이동식,크레인,위치,중,무게,중심,아래,지면,추락,사망,해임,,,,,,,,,,,,,,,,,,,,,,,,,,,,,,,,,,,,,,,,,,,,,,,,,,,,,,,,,
346,피재,아파트,층,슬래브,거푸집,정리,작업,진행,과정,제연,덕트,개구부,합판,거푸집,중,몸,중심,바닥,개구부,아래,콘크리트,바닥,추락,사망,해임,,,,,,,,,,,,,,,,,,,,,,,,,,,,,,,,,,,,,,,,,,,,,,,,,,
347,굴삭기,덤프트럭,사용,지하층,토사,평탄,작업,진행,과정,후진,굴삭기,타이어,식,운전원,업무,협의,중,피재,발견,진행,충돌,사망,해임,,,,,,,,,,,,,,,,,,,,,,,,,,,,,,,,,,,,,,,,,,,,,,,,,,,,
348,피재,교량,도장작업,준비,하부,안전방망,부직포,설치작업,진행,중,실족,아래,바닥,추락,사망,해임,,,,,,,,,,,,,,,,,,,,,,,,,,,,,,,,,,,,,,,,,,,,,,,,,,,,,,,,,,,
349,피재,항타기,오거,모터,스크류,연결,작업,수행,후,스크류,지지,백,호우,버켓,제거,오거,모터,스크류,낙하,피재,케이싱,모터,개구부,크류,사이,협착,사망,해임,,,,,,,,,,,,,,,,,,,,,,,,,,,,,,,,,,,,,,,,,,,,,,,
350,파일,천공작업,장비,후진,회전,중,항타기,해머,상부,지지,와이어로프,샤클,해머,낙하,피재,가격,사망,해임,,,,,,,,,,,,,,,,,,,,,,,,,,,,,,,,,,,,,,,,,,,,,,,,,,,,,,,,,
351,갱폼,인양,작업,타워크레인,등,양중기,지지,상태,갱폼,지지,앵커,볼트,중,갱폼,구조물,이탈,피재,지상,추락,사망,해임,,,,,,,,,,,,,,,,,,,,,,,,,,,,,,,,,,,,,,,,,,,,,,,,,,,,,,
352,파,레트,위,물탱크,와이어로프,체결,후,이동식,크레인,인양,중,물탱크,낙하,장비,반,입구,하부,피재,가격,사망,해임,,,,,,,,,,,,,,,,,,,,,,,,,,,,,,,,,,,,,,,,,,,,,,,,,,,,,,
353,준공,준비,외벽,물청소,작업,중,피재,옥상,파라펫,위,다음,작업,위치,달비계,로프,중,강풍,등,몸,중심,아래,지상,바닥,추락,사망,해임,,,,,,,,,,,,,,,,,,,,,,,,,,,,,,,,,,,,,,,,,,,,,,,,,
354,아파트,지상,층,발코니,단부,수직,철근,절곡,작업,진행,중,실족,아래,콘크리트,바닥,추락,사망,해임,,,,,,,,,,,,,,,,,,,,,,,,,,,,,,,,,,,,,,,,,,,,,,,,,,,,,,,,,
355,굴삭기,버켓,콘크리트,맨홀,거푸집,타설,중,버켓,퀵,커플러,버켓,부착,장치,이탈,낙하,하부,피재,가격,사망,해임,,,,,,,,,,,,,,,,,,,,,,,,,,,,,,,,,,,,,,,,,,,,,,,,,,,,,,,
356,고소작업대,위,무대,세트,설치작업,진행,중,고소작업대,전도,바닥,추락,사망,해임,,,,,,,,,,,,,,,,,,,,,,,,,,,,,,,,,,,,,,,,,,,,,,,,,,,,,,,,,,,,,,
357,피재,덤프트럭,상차,포장,철거,파쇄,물,임시,적치,장소,하차,후,트럭,하차,상태,확인,중,트럭,면경,사약,트럭,정지,차량,탑승,시도,과정,차량,적치장,측면,교량,교각,운전석,문,차체,사이,협착,사망,해임,,,,,,,,,,,,,,,,,,,,,,,,,,,,,,,,,,,,,
358,피재,흙막이,시설,설치,트렌치,굴착,부,법면,바닥,면,등,정리,중,법면,토사,일부,붕괴,매몰,사망,해임,,,,,,,,,,,,,,,,,,,,,,,,,,,,,,,,,,,,,,,,,,,,,,,,,,,,,,,
359,경사,지붕,기와,아스팔트,교체,피재,강재,각파이프,용접작업,후,휴식,이동,중,아스팔트,싱글,부착,설치,합판,위,아래,화단,추락,사망,해임,,,,,,,,,,,,,,,,,,,,,,,,,,,,,,,,,,,,,,,,,,,,,,,,,,,
360,피재,등,명,곤돌라,사용,엘리베이터,실,외부,벽면,유리,설치작업,진행,과정,곤돌라,동료,작업자,곤돌라,지지,안전대,피재,도라,건물,사이,아래,콘크리트,바닥,추락,사망,해임,,,,,,,,,,,,,,,,,,,,,,,,,,,,,,,,,,,,,,,,,,,,,,
361,지상,층,지브크레인,인양,전선관,다발,피재,지상,슬래브,단부,전선관,다발,지지,섬유,로프,내부,중,섬유,로프,탄력,건물,외부,아래,지상,바닥,추락,사망,해임,,,,,,,,,,,,,,,,,,,,,,,,,,,,,,,,,,,,,,,,,,,,,,,
362,피재,향후,외부,마감,공사,드라이,비트,외부,비계,상,작업발판,설치,과정,휴식,중,몸,중심,아래,지상,바닥,추락,사망,해임,,,,,,,,,,,,,,,,,,,,,,,,,,,,,,,,,,,,,,,,,,,,,,,,,,,,
363,피재,공장,슬레이트,지붕,위,지붕,철거,작업,중,슬레이트,파손,공장,내부,약,아래,콘크리트,바닥,추락,사망,해임,,,,,,,,,,,,,,,,,,,,,,,,,,,,,,,,,,,,,,,,,,,,,,,,,,,,,,,
364,배관공,피재,매설,완료,관로,수입,테스트,진행,과정,테스트,압력,상승,것,확인,가압,밸브,중,테스트,단관,전부,압력,이탈,비래,피재,가격,사망,해임,,,,,,,,,,,,,,,,,,,,,,,,,,,,,,,,,,,,,,,,,,,,,,,,
365,피재,계단실,내부,도장작업,진행,중,계단참,단부,실족,아래,지하층,콘크리트,바닥,추락,사망,해임,,,,,,,,,,,,,,,,,,,,,,,,,,,,,,,,,,,,,,,,,,,,,,,,,,,,,,,,,,,
366,포장,공인,피재,셔,로울러,사용,기층,아스팔트,콘크리트,일,명,아스,콘,포설,작업,진행,중,짐,후진,타이어,로울러,충돌,바퀴,사망,해임,,,,,,,,,,,,,,,,,,,,,,,,,,,,,,,,,,,,,,,,,,,,,,,,,,
367,피재,공장,경사,지붕,판넬,해체작업,형강,상부,동료,작업자,명과,지붕판,일,명,샌드위치,판넬,중,몸,중심,아래,바닥,추락,사망,해임,,,,,,,,,,,,,,,,,,,,,,,,,,,,,,,,,,,,,,,,,,,,,,,,,,,
368,피재,자재,정리,작업,기,설치,이동식,목재,사다리,옥상,층,중,몸,중심,실족,아래,바닥,추락,사망,해임,,,,,,,,,,,,,,,,,,,,,,,,,,,,,,,,,,,,,,,,,,,,,,,,,,,,,,,
369,지하,주차장,출입,계단,상부,탑,라이트,채광,천창,철제,프레임,도색,작업,프레임,하부,작업발판,설치,중,작업발판,단부,몸,중심,아래,지하층,바닥,추락,사망,해임,,,,,,,,,,,,,,,,,,,,,,,,,,,,,,,,,,,,,,,,,,,,,,,
370,하수,암거,보수,공사,피재,등,명,홀,하수,암거,기존,암거,손상,콘크리트,제거,작업,진행,중,소나기,하수,암거,내,수위,물,명,사망,해임,,,,,,,,,,,,,,,,,,,,,,,,,,,,,,,,,,,,,,,,,,,,,,,,
371,피재,지반,위,콘크리트,절단기,흄관,절단작업,진행,중,고속,회전,중,절단기,날,절단면,끼,위,피재,목,가격,사망,해임,,,,,,,,,,,,,,,,,,,,,,,,,,,,,,,,,,,,,,,,,,,,,,,,,,,,,
372,피재,등,명,고소작업차,탑승,설비,유리,탑승,건물,외벽,유리,설치작업,진행,중,고소작업차,붐대,파단,탑승,설비,피재,명,유리,추락,명,사망,명,부상,해임,,,,,,,,,,,,,,,,,,,,,,,,,,,,,,,,,,,,,,,,,,,,,,,
373,피재,지하층,펌핑,작업,드라이,창,연결,배수,호스,배출,상태,확인,중,분전반,인출,콘센트,접촉,감전,사망,해임,,,,,,,,,,,,,,,,,,,,,,,,,,,,,,,,,,,,,,,,,,,,,,,,,,,,,,,
374,피재,공장,지붕,노후,천막,교체,크레인,전용,탑승,설비,탑승,철거,작업,진행,중,인접,특별,고압,전선로,피재,어깨,부,접촉,감전사,해임,,,,,,,,,,,,,,,,,,,,,,,,,,,,,,,,,,,,,,,,,,,,,,,,,,
375,피재,교량,빔,자형,철근,피복,두께,확보,꺽쇠,철근,벤딩,작업,진행,중,꺽쇠,교량,하부,약,아래,바닥,추락,사망,해임,,,,,,,,,,,,,,,,,,,,,,,,,,,,,,,,,,,,,,,,,,,,,,,,,,,,
376,피재,층,외부,비계,해체작업,진행,중,실족,아래,지상,바닥,추락,사망,해임,,,,,,,,,,,,,,,,,,,,,,,,,,,,,,,,,,,,,,,,,,,,,,,,,,,,,,,,,,,,,
377,지상,운반,슬래브,단부,유로폼,낙하,유로폼,인양,작업,후,지상,층,휴식,중,피재,가격,사망,해임,,,,,,,,,,,,,,,,,,,,,,,,,,,,,,,,,,,,,,,,,,,,,,,,,,,,,,,,,
378,피재,지상,층,갱폼,고정,볼트,해체,후,고정,볼트,상태,갱폼,작업발판,이동,중,갱폼,탈락,피재,약,아래,지상,바닥,추락,사망,해임,,,,,,,,,,,,,,,,,,,,,,,,,,,,,,,,,,,,,,,,,,,,,,,,,,
379,피재,철골,구조,층,추락,방지망,설치,준비,작업,과정,하부,자재,철골기둥,승강,트랩,중,아래,바닥,추락,사망,해임,,,,,,,,,,,,,,,,,,,,,,,,,,,,,,,,,,,,,,,,,,,,,,,,,,,,,,
380,굴착,법면,상부,굴삭기,사용,아래,폐목,야적장,폐목,투하,작업,진행,중,폐목,야적장,근처,이동,중,피재,가격,사망,해임,,,,,,,,,,,,,,,,,,,,,,,,,,,,,,,,,,,,,,,,,,,,,,,,,,,,,
381,미장공,피재,지붕,슬래브,미장,작업,가설,통로,중,몸,중심,가설,통로,상부,난간대,사이,개구부,아래,바닥,추락,사망,해임,,,,,,,,,,,,,,,,,,,,,,,,,,,,,,,,,,,,,,,,,,,,,,,,,,,,,
382,피재,등,명,하수관,운반,굴삭기,근처,바닥,이동,중,굴착,토사,상차,회전,굴삭기,좌측,후미,피재,두부,충돌,사망,해임,,,,,,,,,,,,,,,,,,,,,,,,,,,,,,,,,,,,,,,,,,,,,,,,,,,,,
383,약,트렌치,굴착,완료,후,피재,명,오수관로,이중관,관접,합,볼트,체결,중,굴착,법면,붕괴,매몰,사망,해임,,,,,,,,,,,,,,,,,,,,,,,,,,,,,,,,,,,,,,,,,,,,,,,,,,,,,,,
384,철골,공인,피재,지하,주차장,진입,경사,상부,채광지붕,철골,설치작업,진행,과정,고정,작업발판,단부,순간,실족,아래,콘크리트,바닥,추락,사망,해임,,,,,,,,,,,,,,,,,,,,,,,,,,,,,,,,,,,,,,,,,,,,,,,,,,,
385,피재,등,명,외부,유리,설치작업,곤돌라,케이지,유리,탑승,상승,중,옥상,파라펫,조립,곤돌라,지지대,용접부,파단,외벽,마감,석재,낙하,곤돌라,케이지,내부,피재,가격,사망,해임,,,,,,,,,,,,,,,,,,,,,,,,,,,,,,,,,,,,,,,,,,,,,
386,교량,건설,공사,현장,강재,동바리,조립,장,수직,벤트,카고크레인,상차,인양,작업,진행,중,옆,수직,벤트,충돌,연쇄,도괴,발생,반대편,작업,중,피재,수직,벤트,협착,사망,해임,,,,,,,,,,,,,,,,,,,,,,,,,,,,,,,,,,,,,,,,,,,
387,터널,라이닝폼,제작,조립,작업,중,마무리,작업,부재,용접작업,작업발판,상부,용접작업,진행,중,실족,아래,바닥,추락,사망,해임,,,,,,,,,,,,,,,,,,,,,,,,,,,,,,,,,,,,,,,,,,,,,,,,,,,,,,
388,피재,명,오수관,직경,매설,약,굴착,저면,평탄,작업,진행,중,굴착,법면,붕괴,토사,매몰,사망,해임,,,,,,,,,,,,,,,,,,,,,,,,,,,,,,,,,,,,,,,,,,,,,,,,,,,,,,,,
389,옥탑,철골,보,설치,기,조립,철골,보,상부,이동,중,실족,아래,콘크리트,바닥,추락,사망,해임,,,,,,,,,,,,,,,,,,,,,,,,,,,,,,,,,,,,,,,,,,,,,,,,,,,,,,,,,
390,크레인,사용,철탑,상부,작업,공구,철탑,부서,대기,중,작업자,명,작업,지점,중,작업,공구,유압,자키,지지대,놓,침,지상,낙하,피재,가격,사망,해임,,,,,,,,,,,,,,,,,,,,,,,,,,,,,,,,,,,,,,,,,,,,,,,
391,피재,달비계,탑승,아파트,측벽,도장작업,진행,중,근거리,위치,전신주,상,특별,고압,전로,접촉,감전,아크,화상,사망,해임,,,,,,,,,,,,,,,,,,,,,,,,,,,,,,,,,,,,,,,,,,,,,,,,,,,,,,
392,피재,외부,비계,층,외벽,거푸집,해체작업,중,실족,아래,바닥,추락,사망,해임,,,,,,,,,,,,,,,,,,,,,,,,,,,,,,,,,,,,,,,,,,,,,,,,,,,,,,,,,,,,,
393,흙막이,기둥,파일,형강,설치,구간,천공기,지반,천공,후,피재,천공기,토사,제거,등,보조,작업,진행,중,천공기,비트,연결,로드,분리,회전,캐로,솔,장치,피재,가격,사망,해임,,,,,,,,,,,,,,,,,,,,,,,,,,,,,,,,,,,,,,,,,,,
394,철골,공인,피재,지붕,철,골보,상부,벽체,가새,설치작업,진행,중,몸,중심,아래,바닥,추락,사망,해임,,,,,,,,,,,,,,,,,,,,,,,,,,,,,,,,,,,,,,,,,,,,,,,,,,,,,,,,
395,약,아래,굴착,저면,부,피재,하수관,접합,작업,진행,중,도로포장,측면,농로,법면,토사,붕괴,도로,하부,보조,기층,슬래그,덩어리,협착,사망,해임,,,,,,,,,,,,,,,,,,,,,,,,,,,,,,,,,,,,,,,,,,,,,,,,,
396,피재,주,변압,상부,케이블,트레이,위,케이블,포설,준비,작업,유도로프,설치,중,실족,아래,콘크리트,바닥,추락,사망,해임,,,,,,,,,,,,,,,,,,,,,,,,,,,,,,,,,,,,,,,,,,,,,,,,,,,,,,
397,석공,피재,이동식,해머,드릴,사용,외부,쌍줄,비계,작업발판,위,외부,벽체,할석,작업,진행,중,몸,중심,벽면,비계,사이,개구부,아래,바닥,추락,사망,해임,,,,,,,,,,,,,,,,,,,,,,,,,,,,,,,,,,,,,,,,,,,,,,,
398,피재,공장,지붕,노후,천막,교체,크레인,전용,탑승,설비,탑승,철거,작업,진행,중,인접,특별,고압,전선로,피재,어깨,부,접촉,감전사,해임,,,,,,,,,,,,,,,,,,,,,,,,,,,,,,,,,,,,,,,,,,,,,,,,,,
399,피재,교량,빔,자형,철근,피복,두께,확보,꺽쇠,철근,벤딩,작업,진행,중,꺽쇠,교량,하부,약,아래,바닥,추락,사망,해임,,,,,,,,,,,,,,,,,,,,,,,,,,,,,,,,,,,,,,,,,,,,,,,,,,,,
400,피재,층,외부,비계,해체작업,진행,중,실족,아래,지상,바닥,추락,사망,해임,,,,,,,,,,,,,,,,,,,,,,,,,,,,,,,,,,,,,,,,,,,,,,,,,,,,,,,,,,,,,
401,지상,운반,슬래브,단부,유로폼,낙하,유로폼,인양,작업,후,지상,층,휴식,중,피재,가격,사망,해임,,,,,,,,,,,,,,,,,,,,,,,,,,,,,,,,,,,,,,,,,,,,,,,,,,,,,,,,,
402,피재,지상,층,갱폼,고정,볼트,해체,후,고정,볼트,상태,갱폼,작업발판,이동,중,갱폼,탈락,피재,약,아래,지상,바닥,추락,사망,해임,,,,,,,,,,,,,,,,,,,,,,,,,,,,,,,,,,,,,,,,,,,,,,,,,,
403,약,트렌치,굴착,완료,후,피재,명,오수관로,이중관,관접,합,볼트,체결,중,굴착,법면,붕괴,매몰,사망,해임,,,,,,,,,,,,,,,,,,,,,,,,,,,,,,,,,,,,,,,,,,,,,,,,,,,,,,,
404,철골,공인,피재,지하,주차장,진입,경사,상부,채광지붕,철골,설치작업,진행,과정,고정,작업발판,단부,순간,실족,아래,콘크리트,바닥,추락,사망,해임,,,,,,,,,,,,,,,,,,,,,,,,,,,,,,,,,,,,,,,,,,,,,,,,,,,
405,피재,등,명,외부,유리,설치작업,곤돌라,케이지,유리,탑승,상승,중,옥상,파라펫,조립,곤돌라,지지대,용접부,파단,외벽,마감,석재,낙하,곤돌라,케이지,내부,피재,가격,사망,해임,,,,,,,,,,,,,,,,,,,,,,,,,,,,,,,,,,,,,,,,,,,,,
406,피재,명,오수관,직경,매설,약,굴착,저면,평탄,작업,진행,중,굴착,법면,붕괴,토사,매몰,사망,해임,,,,,,,,,,,,,,,,,,,,,,,,,,,,,,,,,,,,,,,,,,,,,,,,,,,,,,,,
407,아파트,층,외벽,갱폼,해체작업,크레인,지지,해체,예정,갱폼,크레인,미,지지,상태,인접,갱폼,발판,벽체,고정,볼트,갱,폼,연결,핀,제거,중,탑승,근로자,명,갱폼,탈락,하부,추락,사망,해임,,,,,,,,,,,,,,,,,,,,,,,,,,,,,,,,,,,,,,,,
408,크레인,사용,철탑,상부,작업,공구,철탑,부서,대기,중,작업자,명,작업,지점,중,작업,공구,유압,자키,지지대,놓,침,지상,낙하,피재,가격,사망,해임,,,,,,,,,,,,,,,,,,,,,,,,,,,,,,,,,,,,,,,,,,,,,,,
409,피재,달비계,탑승,아파트,측벽,도장작업,진행,중,근거리,위치,전신주,상,특별,고압,전로,접촉,감전,아크,화상,사망,해임,,,,,,,,,,,,,,,,,,,,,,,,,,,,,,,,,,,,,,,,,,,,,,,,,,,,,,
410,피재,외부,비계,층,외벽,거푸집,해체작업,중,실족,아래,바닥,추락,사망,해임,,,,,,,,,,,,,,,,,,,,,,,,,,,,,,,,,,,,,,,,,,,,,,,,,,,,,,,,,,,,,
411,아파트,층,외벽,갱폼,해체작업,크레인,지지,해체,예정,갱폼,크레인,미,지지,상태,인접,갱폼,발판,벽체,고정,볼트,갱,폼,연결,핀,제거,중,탑승,근로자,명,갱폼,탈락,하부,추락,사망,해임,,,,,,,,,,,,,,,,,,,,,,,,,,,,,,,,,,,,,,,,
412,미장공,피재,지상,옥상,난간,벽,미장,작업,진행,과정,옆,위치,개인,주택,옥상,이동,옥상,난간,벽,사이,통로,발판,설치,후,이동,중,실족,아래,바닥,추락,사망,해임,,,,,,,,,,,,,,,,,,,,,,,,,,,,,,,,,,,,,,,,,,,
413,지하,주차장,계단,전,내부,변압기,약,운반,피재,등,명,계단,각재,위,구름,강관,설치,운반,중,변압기,재자,쪽,전도,협착,사망,해임,,,,,,,,,,,,,,,,,,,,,,,,,,,,,,,,,,,,,,,,,,,,,,,,,
414,피재,예,배실,천장,캣,워크,설치,약,강관비계,설치,합판,위,형사,다리,거치,후,사다리,상부,작업,진행,중,사다리,전도,합판,아래,콘크리트,바닥,추락,사망,해임,,,,,,,,,,,,,,,,,,,,,,,,,,,,,,,,,,,,,,,,,,,,,
415,작업,장소,이동,피재,아파트,후면,발코니,설치,갱폼,작업발판,이동하,과정,갱폼,작업발판,끝,단부,발코니,코너,부위,이동,중,피재,신체,일부,난,발코니,난간,수직,철근,사망,해임,,,,,,,,,,,,,,,,,,,,,,,,,,,,,,,,,,,,,,,,,,,,
416,보링,작업,완료,후,천공기,수리,작업,중,컨트롤러,레버,오작동,배면,주차,카고,크레인,천공기,사이,협착,사망,해임,,,,,,,,,,,,,,,,,,,,,,,,,,,,,,,,,,,,,,,,,,,,,,,,,,,,,,,
417,지상,층,피재,해체작업,중,압쇄기,뒤편,분진,비산,방지,고압,살수기,이용,물,작업,진행,중,지상,층,바닥,슬래브,붕괴,지상,바닥,추락,사망,해임,,,,,,,,,,,,,,,,,,,,,,,,,,,,,,,,,,,,,,,,,,,,,,,,
418,피재,지상,층,창호,교체,공사,기존,창호,철거,복도,측,벽면,신규,창틀,후,창문틀,주위,목재,쐐기,창틀,수평,중,아래,지상,층,바닥,추락,사망,해임,,,,,,,,,,,,,,,,,,,,,,,,,,,,,,,,,,,,,,,,,,,,,,
419,이동식크레인,사용,아파트,옥상,가설,자재,지상,인양,중,크레인,보조,붐,가설,자재,낙하,하부,피재,가격,사망,해임,,,,,,,,,,,,,,,,,,,,,,,,,,,,,,,,,,,,,,,,,,,,,,,,,,,,,,,
420,브,준설선,바지선,위치,이동,앵커,보트,피재,명,승선,설선,앵커,작업,진행,과정,앵커,와이어,킴,작업,진행,중,너울,브,준설선,데크,앵커,약가,전도,앵커,보트,피재,명,가격,명,사망,명,상당,해임,,,,,,,,,,,,,,,,,,,,,,,,,,,,,,,,,,,,,
421,공장,벽체,상단,위치,유도,등,연결,전선,결선,작업,사다리,중,아래,공장,바닥,추락,사망,해임,,,,,,,,,,,,,,,,,,,,,,,,,,,,,,,,,,,,,,,,,,,,,,,,,,,,,,,,,
422,피재,지하,층,심정,개발,사용,강재,케이싱,인발,작업,확인,중,절단,하부,케이싱,상하,인발,상부,케이싱,사이,피재,두부,순간,협착,사망,해임,,,,,,,,,,,,,,,,,,,,,,,,,,,,,,,,,,,,,,,,,,,,,,,,,
423,피재,철골,볼트,체결,작업,철,골보,형강,상부,수평,이동,중,몸,중심,아래,지면,추락,사망,해임,,,,,,,,,,,,,,,,,,,,,,,,,,,,,,,,,,,,,,,,,,,,,,,,,,,,,,,,
424,피재,등,명,옥상,조형물,마감,작업,철구,조물,상부,시트,판넬,설치작업,진행,중,단부,실족,아래,곤돌라,내부,추락,사망,해임,,,,,,,,,,,,,,,,,,,,,,,,,,,,,,,,,,,,,,,,,,,,,,,,,,,,
425,판넬,공인,피재,공장,지붕,광판,해체작업,진행,중,아래,콘크리트,바닥,추락,사망,해임,,,,,,,,,,,,,,,,,,,,,,,,,,,,,,,,,,,,,,,,,,,,,,,,,,,,,,,,,,,,
426,피재,지상,층,외벽,설치,갱폼,케이지,연장,설치작업,진행,갱폼,작업발판,중,갱폼,벽체,탈락,갱폼,약,아래,지상,추락,사망,해임,,,,,,,,,,,,,,,,,,,,,,,,,,,,,,,,,,,,,,,,,,,,,,,,,,,,
427,이동식크레인,사용,흙막이,지보공,해체작업,진행,중,해체,대상,보,해체,거치,인접,보가,낙하,하부,피재,강타,사망,해임,,,,,,,,,,,,,,,,,,,,,,,,,,,,,,,,,,,,,,,,,,,,,,,,,,,,,,,
428,철,거공,피재,유압식,핸드,브레이커,벽돌,조적조,연도,보호,벽,중,높이,보호,벽,이,붕괴,피재,붕괴,구조물,사망,해임,,,,,,,,,,,,,,,,,,,,,,,,,,,,,,,,,,,,,,,,,,,,,,,,,,,,,
429,석공,피재,잔여,암석,발파,절개,원석,착암기,천공작업,진행,중,주변,지반,암반,백색,화강암,이,붕괴,피재,강타,명,사망,명,부상,해임,,,,,,,,,,,,,,,,,,,,,,,,,,,,,,,,,,,,,,,,,,,,,,,,,,
430,피재,지붕,물받이,도장작업,이동식비계,위,작업발판,용도,유로폼,설치,중,실족,아래,콘크리트,바닥,추락,사망,해임,,,,,,,,,,,,,,,,,,,,,,,,,,,,,,,,,,,,,,,,,,,,,,,,,,,,,,,,,
431,아파트,옥탑,지붕,마감재,아스팔트,보수,작업,피재,수직,사다리,승강,중,실족,추락,사망,해임,,,,,,,,,,,,,,,,,,,,,,,,,,,,,,,,,,,,,,,,,,,,,,,,,,,,,,,,,,,
432,피재,백,호우,차,굴착,하부,풍화,암,면,정리,작업,진행,중,열,이,붕괴,탈락,아래,피재,가격,사망,해임,,,,,,,,,,,,,,,,,,,,,,,,,,,,,,,,,,,,,,,,,,,,,,,,,,,,,
433,피재,외부,비계,작업발판,위,외벽,돌,붙임,작업,진행,중,벽면,작업발판,사이,개구부,폭,약로,추락,사망,해임,,,,,,,,,,,,,,,,,,,,,,,,,,,,,,,,,,,,,,,,,,,,,,,,,,,,,,,
434,피재,건물,층,타워크레인,설치,개구부,단부,노출,철근,보양,기,설치,안전난간,사이,작업,진행,중,몸,중심,타워크레인,마스트,슬래브,단부,사이,개구부,폭,추락,사망,해임,,,,,,,,,,,,,,,,,,,,,,,,,,,,,,,,,,,,,,,,,,,,,,
435,피재,등,명,배수,박스,내부,벽체,거푸집,설치작업,진행,중,양방향,내부,벽체,거푸집,안쪽,전도,바닥,상부,작업,중,피재,명,사망,명,부상,해임,,,,,,,,,,,,,,,,,,,,,,,,,,,,,,,,,,,,,,,,,,,,,,,,
436,트레일러,적재,도시,가스,배관,지게차,하역,중,도시,가스,배관,본이,지게차,포크,낙하,트레일러,운전원,피재,가격,사망,해임,,,,,,,,,,,,,,,,,,,,,,,,,,,,,,,,,,,,,,,,,,,,,,,,,,,,,,
437,철골,공인,피재,철골,상부,공장,벽체,판넬,부착,철골부,형강,설치작업,진행,중,피재,안전대,체결,철골,부재,탈락,몸,중심,아래,추락,사망,해임,,,,,,,,,,,,,,,,,,,,,,,,,,,,,,,,,,,,,,,,,,,,,,,,,
438,외벽,균열,보수,작업,피재,아파트,옥상,기관,달비계,지지,로프,결속,후,달비계,탑승,순간,로프,지지,통,기관,탈락,아래,지상,바닥,추락,사망,해임,,,,,,,,,,,,,,,,,,,,,,,,,,,,,,,,,,,,,,,,,,,,,,,,
439,피재,철제,트러스,중도리,설치,창고,지붕,위,설치작업,진행,중,실족,아래,콘크리트,바닥,추락,사망,해임,,,,,,,,,,,,,,,,,,,,,,,,,,,,,,,,,,,,,,,,,,,,,,,,,,,,,,,,,
440,피재,가스,배관,지지,브라켓,도장작업,후,철,골보,형강,상부,이동,중,실족,아래,콘크리트,바닥,추락,사망,해임,,,,,,,,,,,,,,,,,,,,,,,,,,,,,,,,,,,,,,,,,,,,,,,,,,,,,,,
441,관매,되메우기,완료,후,피재,청소,작업,진행,중,인근,작업,후진,굴삭기,타이어,협착,사망,해임,,,,,,,,,,,,,,,,,,,,,,,,,,,,,,,,,,,,,,,,,,,,,,,,,,,,,,,,,,
442,철골,공인,피재,형강,인양,부재,양단,섬유,로프,슬링벨트,체결,후,타워크레인,인양,중,약,지점,형강,중심,한쪽,형강,섬유,로프,이탈,지상,작업,중,피재,가격,사망,해임,,,,,,,,,,,,,,,,,,,,,,,,,,,,,,,,,,,,,,,,,,,,
443,미장공,피재,건물,외벽,미장,작업,외부,쌍줄,비계,작업발판,설치,중,실족,아래,지상,바닥,추락,사망,해임,,,,,,,,,,,,,,,,,,,,,,,,,,,,,,,,,,,,,,,,,,,,,,,,,,,,,,,,
444,터파기,구간,바닥,면,잔토,제거,굴삭기,붐대,단부,브레이커,버켓,교체,후,붐대,선회,중,버켓,붐대,연결부,퀵,커플러,탈락,하부,바닥,작업,진행,피재,가격,사망,해임,,,,,,,,,,,,,,,,,,,,,,,,,,,,,,,,,,,,,,,,,,,,,
445,피재,시스템,써포트,수평재,위,벽체,거푸집,조립,작업,진행,중,실족,아래,콘크리트,바닥,추락,사망,해임,,,,,,,,,,,,,,,,,,,,,,,,,,,,,,,,,,,,,,,,,,,,,,,,,,,,,,,,,
446,지게차,운전,원인,피재,비상,발전기,체인블럭,지게차,포크,결속,자재,반,입구,비상,발전기,기실,하역,중,지게차,전복,아래,전,바닥,지게차,추락,사망,해임,,,,,,,,,,,,,,,,,,,,,,,,,,,,,,,,,,,,,,,,,,,,,,,,
447,피재,등,명,지상,층,바닥,슬래브,콘크리트,타설작업,진행,중,데크,하중,탈락,피재,아래,지하,층,바닥,추락,사망,해임,,,,,,,,,,,,,,,,,,,,,,,,,,,,,,,,,,,,,,,,,,,,,,,,,,,,,
448,개인,주택,창호,옥탑,판넬,설치,현장,보수,피재,경사,기와지붕,위,옥탑,판넬,음부,실리콘,코킹,작업,진행,중,기와,파손,중심,아래,바닥,추락,사망,해임,,,,,,,,,,,,,,,,,,,,,,,,,,,,,,,,,,,,,,,,,,,,,,,
449,피재,등,명,번,띠장,설치,가설,전등,설치,작업,진행,과정,가설,전선,번,띠장,포설,중,실족,아래,콘크리트,바닥,추락,사망,해임,,,,,,,,,,,,,,,,,,,,,,,,,,,,,,,,,,,,,,,,,,,,,,,,,,
450,피재,명,수직,굴착,저면,약,하수관,설치,모래,부설,이동,중,굴착,수직면,약,토사,붕괴,매몰,명,사망,부상,해임,,,,,,,,,,,,,,,,,,,,,,,,,,,,,,,,,,,,,,,,,,,,,,,,,,,,,
451,굴착,사면,위,연약지반,이토,슬라이딩,사면,하부,굴착,작업,중,굴삭기,대가,매몰,굴삭기,운전원,명,사망,해임,,,,,,,,,,,,,,,,,,,,,,,,,,,,,,,,,,,,,,,,,,,,,,,,,,,,,,,,
452,전공,피재,케이블,트레이,전선,포설,작업,고소작업대,탑승,상승,중,덕트,고소작업대,안전난간,사이,협착,사망,해임,,,,,,,,,,,,,,,,,,,,,,,,,,,,,,,,,,,,,,,,,,,,,,,,,,,,,,,,,
453,잠,수사,피재,수중,시계,불량,조류,발생,등,작업,환경,상태,연안,파고계,점검,쿠바,잠,수작업,도중,실린더,내부,잔존,산소량,착오,등,익사,해임,,,,,,,,,,,,,,,,,,,,,,,,,,,,,,,,,,,,,,,,,,,,,,,,
454,피재,미장,작업,완료,후,자재,손수레,지상,운반,층,리프트,탑승구,발코니,외측,보조,발판,손수레,중,손수레,추락,사망,해임,,,,,,,,,,,,,,,,,,,,,,,,,,,,,,,,,,,,,,,,,,,,,,,,,,,,,
455,공장,지붕,판넬,설치,후,광판,간격,설치,과정,지붕,위,이동,피재,기,설치,채,광판,단부,순간,몸,중심,광판,미설치,인접,개구부,아래,추락,사망,해임,,,,,,,,,,,,,,,,,,,,,,,,,,,,,,,,,,,,,,,,,,,,,,
456,피재,햄,머로,조적,벽체,해체작업,진행,중,안방,문틀,상부,해체,슬래브,부착,벽체,일부분,낙하,하부,작업,중,피재,사망,해임,,,,,,,,,,,,,,,,,,,,,,,,,,,,,,,,,,,,,,,,,,,,,,,,,,,,
457,피재,명,보일러실,조,벽체,해체작업,진행,중,조,벽체,도괴,재자,쪽,피재,명,벽체,명,사망,명,부상,해임,,,,,,,,,,,,,,,,,,,,,,,,,,,,,,,,,,,,,,,,,,,,,,,,,,,,,,
458,인조잔디,설치,현장,피재,백,호우,지지,마대,규사,하부,칼,절개,기,포설,고무,칩,혼합,중,마대,벨트,파단,마대,사망,해임,,,,,,,,,,,,,,,,,,,,,,,,,,,,,,,,,,,,,,,,,,,,,,,,,,,
459,트럭,운전,원인,피재,페이,로더로,철근,하역작업,적재함,우측,문,고정,핀,순간,우측,문,피재,타격,동시,철근,다발,낙하,피재,두부,협착,사망,해임,,,,,,,,,,,,,,,,,,,,,,,,,,,,,,,,,,,,,,,,,,,,,,,,
460,피재,모델,하우스,지붕,샌드위치,판넬,해체,정리,작업,진행,중,철골,개구부,추락,아래,바닥,추락,사망,해임,,,,,,,,,,,,,,,,,,,,,,,,,,,,,,,,,,,,,,,,,,,,,,,,,,,,,,,,
461,피재,엘리베이터,피트,내부,동료,작업자,엘리베이터,가이드,레일,설치작업,층,위치,카운터,웨이트,균형추,블럭,개,중,카운터,웨이트,피트,내부,벽체,폼타이,균형추,블럭,개,낙하,지상,층,작업대,위,피재,강타,사망,해임,,,,,,,,,,,,,,,,,,,,,,,,,,,,,,,,,,,,,,,
462,형강,카고크레인,트럭,상차,작업,진행,중,양중,형강,보조,달기,기구,빔,클램프,낙하,약,작업,상황,피재,강타,사망,해임,,,,,,,,,,,,,,,,,,,,,,,,,,,,,,,,,,,,,,,,,,,,,,,,,,,,,
463,아파트,지하,저수조,경량,철골,상부,수평,연결재,용접작업,진행,과정,휴식,이동식,틀비계,중,실족,추락,사망,해임,,,,,,,,,,,,,,,,,,,,,,,,,,,,,,,,,,,,,,,,,,,,,,,,,,,,,,,,
464,피재,지상,층,약,위치,보거푸집,조립,작업,목재,사다리,중,몸,중심,사다리,바닥,추락,사망,해임,,,,,,,,,,,,,,,,,,,,,,,,,,,,,,,,,,,,,,,,,,,,,,,,,,,,,,,,,
465,내,화피,복공,피재,전선,트레이,위,철골기둥,내화,피복,고정용,핀,설치작업,진행,중,피재,안전대,하강,중,리프트,모서리,피재,리프트,전선,트레이,사이,협착,사망,해임,,,,,,,,,,,,,,,,,,,,,,,,,,,,,,,,,,,,,,,,,,,,,,
466,피재,공장,지붕,위,철재,파이프,인양,작업,진행,과정,자재,중,고압선,컷아웃,스위치,철재,파이프,접촉,감전,아래,추락,사망,해임,,,,,,,,,,,,,,,,,,,,,,,,,,,,,,,,,,,,,,,,,,,,,,,,,,,,
467,피재,주차장,상부,천창,설치,예정,개구부,천막,위,자재,스티로폼,안전난간,천,막,지지,각재,순간,약,아래,지하층,바닥,추락,사망,해임,,,,,,,,,,,,,,,,,,,,,,,,,,,,,,,,,,,,,,,,,,,,,,,,,,,
468,지상,층,바닥,철거공사,진행,중,조,벽,철거,잔재,하중,등,낙하,하부,지상,층,활용,쓰레기,선별,작업,피재,가격,사망,해임,,,,,,,,,,,,,,,,,,,,,,,,,,,,,,,,,,,,,,,,,,,,,,,,,,,
469,물류,창고,경사,지붕,피재,동료,작업자,지붕,판넬,운반,중,실족,아래,콘크리트,바닥,추락,사망,해임,,,,,,,,,,,,,,,,,,,,,,,,,,,,,,,,,,,,,,,,,,,,,,,,,,,,,,,,,
470,도장,공,명,고소작업대,차,작업대,탑승,교량,상판,슬래브,외벽,콘크리트,중성화,방지,도장작업,진행,중,고소작업대,차,전도,하부,이동,중,배관,공,명,사망,도장,공,명,운전원,명,부상,해임,,,,,,,,,,,,,,,,,,,,,,,,,,,,,,,,,,,,,,,,,
471,로우,운전,원인,피재,로우,더,붐,상태,시트,바,안전장치,후,고개,전방,확인,중,붐,하강,붐,자체,사이,협착,사망,해임,,,,,,,,,,,,,,,,,,,,,,,,,,,,,,,,,,,,,,,,,,,,,,,,,,,
472,아파트,세대,내부,창호설치,윈치,유리,인양,중,유리,지지,결속,섬유,로프,비계파이프,유리,섬유,로프,낙하,지상,건물,밖,피재,가격,사망,해임,,,,,,,,,,,,,,,,,,,,,,,,,,,,,,,,,,,,,,,,,,,,,,,,,,
473,피재,지상,층,계단실,계단참,이동식,사다리,방화,문틀,벽체,사이,몰탈,뒤채움,작업,진행,중,이동식,사다리,슬래브,단부,실족,아래,지상,바닥,추락,사망,해임,,,,,,,,,,,,,,,,,,,,,,,,,,,,,,,,,,,,,,,,,,,,,,,,
474,피재,달비계,탑승,아파트,외벽,견출,작업,진행,중,옥상,환기구,구조물,결속,달기,로프,달비계,약,아래,지상,추락,사망,해임,,,,,,,,,,,,,,,,,,,,,,,,,,,,,,,,,,,,,,,,,,,,,,,,,,,,,
475,지상,조립,크레인,운반,중,대형,거푸집,강풍,피재,집,접근,제어,중,기,설치,강제,거푸집,인양,중,거푸집,사이,협착,사망,해임,,,,,,,,,,,,,,,,,,,,,,,,,,,,,,,,,,,,,,,,,,,,,,,,,,,
476,배관공,피재,매설,완료,관로,수입,테스트,진행,과정,테스트,압력,상승,것,확인,가압,밸브,중,테스트,단관,전부,압력,이탈,비래,피재,가격,사망,해임,,,,,,,,,,,,,,,,,,,,,,,,,,,,,,,,,,,,,,,,,,,,,,,,
477,피재,계단실,내부,도장작업,진행,중,계단참,단부,실족,아래,지하층,콘크리트,바닥,추락,사망,해임,,,,,,,,,,,,,,,,,,,,,,,,,,,,,,,,,,,,,,,,,,,,,,,,,,,,,,,,,,,
478,포장,공인,피재,셔,로울러,사용,기층,아스팔트,콘크리트,일,명,아스,콘,포설,작업,진행,중,짐,후진,타이어,로울러,충돌,바퀴,사망,해임,,,,,,,,,,,,,,,,,,,,,,,,,,,,,,,,,,,,,,,,,,,,,,,,,,
479,피재,공장,경사,지붕,판넬,해체작업,형강,상부,동료,작업자,명과,지붕판,일,명,샌드위치,판넬,중,몸,중심,아래,바닥,추락,사망,해임,,,,,,,,,,,,,,,,,,,,,,,,,,,,,,,,,,,,,,,,,,,,,,,,,,,
480,피재,자재,정리,작업,기,설치,이동식,목재,사다리,옥상,층,중,몸,중심,실족,아래,바닥,추락,사망,해임,,,,,,,,,,,,,,,,,,,,,,,,,,,,,,,,,,,,,,,,,,,,,,,,,,,,,,,
481,지하,주차장,계단,전,내부,변압기,약,운반,피재,등,명,계단,각재,위,구름,강관,설치,운반,중,변압기,재자,쪽,전도,협착,사망,해임,,,,,,,,,,,,,,,,,,,,,,,,,,,,,,,,,,,,,,,,,,,,,,,,,
482,피재,예,배실,천장,캣,워크,설치,약,강관비계,설치,합판,위,형사,다리,거치,후,사다리,상부,작업,진행,중,사다리,전도,합판,아래,콘크리트,바닥,추락,사망,해임,,,,,,,,,,,,,,,,,,,,,,,,,,,,,,,,,,,,,,,,,,,,,
483,작업,장소,이동,피재,아파트,후면,발코니,설치,갱폼,작업발판,이동하,과정,갱폼,작업발판,끝,단부,발코니,코너,부위,이동,중,피재,신체,일부,난,발코니,난간,수직,철근,사망,해임,,,,,,,,,,,,,,,,,,,,,,,,,,,,,,,,,,,,,,,,,,,,
484,보링,작업,완료,후,천공기,수리,작업,중,컨트롤러,레버,오작동,배면,주차,카고,크레인,천공기,사이,협착,사망,해임,,,,,,,,,,,,,,,,,,,,,,,,,,,,,,,,,,,,,,,,,,,,,,,,,,,,,,,
485,피재,철골,구조,층,추락,방지망,설치,준비,작업,과정,하부,자재,철골기둥,승강,트랩,중,아래,바닥,추락,사망,해임,,,,,,,,,,,,,,,,,,,,,,,,,,,,,,,,,,,,,,,,,,,,,,,,,,,,,,
486,굴착,법면,상부,굴삭기,사용,아래,폐목,야적장,폐목,투하,작업,진행,중,폐목,야적장,근처,이동,중,피재,가격,사망,해임,,,,,,,,,,,,,,,,,,,,,,,,,,,,,,,,,,,,,,,,,,,,,,,,,,,,,
487,미장공,피재,지붕,슬래브,미장,작업,가설,통로,중,몸,중심,가설,통로,상부,난간대,사이,개구부,아래,바닥,추락,사망,해임,,,,,,,,,,,,,,,,,,,,,,,,,,,,,,,,,,,,,,,,,,,,,,,,,,,,,
488,피재,등,명,하수관,운반,굴삭기,근처,바닥,이동,중,굴착,토사,상차,회전,굴삭기,좌측,후미,피재,두부,충돌,사망,해임,,,,,,,,,,,,,,,,,,,,,,,,,,,,,,,,,,,,,,,,,,,,,,,,,,,,,
489,흙막이,기둥,파일,형강,설치,구간,천공기,지반,천공,후,피재,천공기,토사,제거,등,보조,작업,진행,중,천공기,비트,연결,로드,분리,회전,캐로,솔,장치,피재,가격,사망,해임,,,,,,,,,,,,,,,,,,,,,,,,,,,,,,,,,,,,,,,,,,,
490,철골,공인,피재,지붕,철,골보,상부,벽체,가새,설치작업,진행,중,몸,중심,아래,바닥,추락,사망,해임,,,,,,,,,,,,,,,,,,,,,,,,,,,,,,,,,,,,,,,,,,,,,,,,,,,,,,,,
491,약,아래,굴착,저면,부,피재,하수관,접합,작업,진행,중,도로포장,측면,농로,법면,토사,붕괴,도로,하부,보조,기층,슬래그,덩어리,협착,사망,해임,,,,,,,,,,,,,,,,,,,,,,,,,,,,,,,,,,,,,,,,,,,,,,,,,
492,피재,주,변압,상부,케이블,트레이,위,케이블,포설,준비,작업,유도로프,설치,중,실족,아래,콘크리트,바닥,추락,사망,해임,,,,,,,,,,,,,,,,,,,,,,,,,,,,,,,,,,,,,,,,,,,,,,,,,,,,,,
493,석공,피재,이동식,해머,드릴,사용,외부,쌍줄,비계,작업발판,위,외부,벽체,할석,작업,진행,중,몸,중심,벽면,비계,사이,개구부,아래,바닥,추락,사망,해임,,,,,,,,,,,,,,,,,,,,,,,,,,,,,,,,,,,,,,,,,,,,,,,
494,보링,작업,완료,후,천공기,수리,작업,중,컨트롤러,레버,오작동,배면,주차,카고,크레인,천공기,사이,협착,사망,해임,,,,,,,,,,,,,,,,,,,,,,,,,,,,,,,,,,,,,,,,,,,,,,,,,,,,,,,
495,지상,층,피재,해체작업,중,압쇄기,뒤편,분진,비산,방지,고압,살수기,이용,물,작업,진행,중,지상,층,바닥,슬래브,붕괴,지상,바닥,추락,사망,해임,,,,,,,,,,,,,,,,,,,,,,,,,,,,,,,,,,,,,,,,,,,,,,,,
496,피재,명,시험,운행,중,석탄,역기,점검,톤,이동식크레인,와이어로프,점,지지,연결,설치,탑승,설비,탑승,점검,후,하강,중,와이어로프,개,훅,이탈,탑승,설비,한쪽,피재,명,아래,부두,상판,추락,사망,해임,,,,,,,,,,,,,,,,,,,,,,,,,,,,,,,,,,,,,,
497,이동식크레인,사용,아파트,옥상,가설,자재,지상,인양,중,크레인,보조,붐,가설,자재,낙하,하부,피재,가격,사망,해임,,,,,,,,,,,,,,,,,,,,,,,,,,,,,,,,,,,,,,,,,,,,,,,,,,,,,,,
498,브,준설선,바지선,위치,이동,앵커,보트,피재,명,승선,설선,앵커,작업,진행,과정,앵커,와이어,킴,작업,진행,중,너울,브,준설선,데크,앵커,약가,전도,앵커,보트,피재,명,가격,명,사망,명,상당,해임,,,,,,,,,,,,,,,,,,,,,,,,,,,,,,,,,,,,,
499,공장,벽체,상단,위치,유도,등,연결,전선,결선,작업,사다리,중,아래,공장,바닥,추락,사망,해임,,,,,,,,,,,,,,,,,,,,,,,,,,,,,,,,,,,,,,,,,,,,,,,,,,,,,,,,,
500,피재,지하,층,심정,개발,사용,강재,케이싱,인발,작업,확인,중,절단,하부,케이싱,상하,인발,상부,케이싱,사이,피재,두부,순간,협착,사망,해임,,,,,,,,,,,,,,,,,,,,,,,,,,,,,,,,,,,,,,,,,,,,,,,,,
501,피재,철골,볼트,체결,작업,철,골보,형강,상부,수평,이동,중,몸,중심,아래,지면,추락,사망,해임,,,,,,,,,,,,,,,,,,,,,,,,,,,,,,,,,,,,,,,,,,,,,,,,,,,,,,,,
502,피재,등,명,옥상,조형물,마감,작업,철구,조물,상부,시트,판넬,설치작업,진행,중,단부,실족,아래,곤돌라,내부,추락,사망,해임,,,,,,,,,,,,,,,,,,,,,,,,,,,,,,,,,,,,,,,,,,,,,,,,,,,,
503,판넬,공인,피재,공장,지붕,광판,해체작업,진행,중,아래,콘크리트,바닥,추락,사망,해임,,,,,,,,,,,,,,,,,,,,,,,,,,,,,,,,,,,,,,,,,,,,,,,,,,,,,,,,,,,,
504,피재,지상,층,외벽,설치,갱폼,케이지,연장,설치작업,진행,갱폼,작업발판,중,갱폼,벽체,탈락,갱폼,약,아래,지상,추락,사망,해임,,,,,,,,,,,,,,,,,,,,,,,,,,,,,,,,,,,,,,,,,,,,,,,,,,,,
505,피재,등,명,배수,박스,내부,벽체,거푸집,설치작업,진행,중,양방향,내부,벽체,거푸집,안쪽,전도,바닥,상부,작업,중,피재,명,사망,명,부상,해임,,,,,,,,,,,,,,,,,,,,,,,,,,,,,,,,,,,,,,,,,,,,,,,,
506,철,거공,피재,유압식,핸드,브레이커,벽돌,조적조,연도,보호,벽,중,높이,보호,벽,이,붕괴,피재,붕괴,구조물,사망,해임,,,,,,,,,,,,,,,,,,,,,,,,,,,,,,,,,,,,,,,,,,,,,,,,,,,,,
507,석공,피재,잔여,암석,발파,절개,원석,착암기,천공작업,진행,중,주변,지반,암반,백색,화강암,이,붕괴,피재,강타,명,사망,명,부상,해임,,,,,,,,,,,,,,,,,,,,,,,,,,,,,,,,,,,,,,,,,,,,,,,,,,
508,피재,지붕,물받이,도장작업,이동식비계,위,작업발판,용도,유로폼,설치,중,실족,아래,콘크리트,바닥,추락,사망,해임,,,,,,,,,,,,,,,,,,,,,,,,,,,,,,,,,,,,,,,,,,,,,,,,,,,,,,,,,
509,아파트,옥탑,지붕,마감재,아스팔트,보수,작업,피재,수직,사다리,승강,중,실족,추락,사망,해임,,,,,,,,,,,,,,,,,,,,,,,,,,,,,,,,,,,,,,,,,,,,,,,,,,,,,,,,,,,
510,피재,백,호우,차,굴착,하부,풍화,암,면,정리,작업,진행,중,열,이,붕괴,탈락,아래,피재,가격,사망,해임,,,,,,,,,,,,,,,,,,,,,,,,,,,,,,,,,,,,,,,,,,,,,,,,,,,,,
511,피재,외부,비계,작업발판,위,외벽,돌,붙임,작업,진행,중,벽면,작업발판,사이,개구부,폭,약로,추락,사망,해임,,,,,,,,,,,,,,,,,,,,,,,,,,,,,,,,,,,,,,,,,,,,,,,,,,,,,,,
512,피재,건물,층,타워크레인,설치,개구부,단부,노출,철근,보양,기,설치,안전난간,사이,작업,진행,중,몸,중심,타워크레인,마스트,슬래브,단부,사이,개구부,폭,추락,사망,해임,,,,,,,,,,,,,,,,,,,,,,,,,,,,,,,,,,,,,,,,,,,,,,
513,철골,공인,피재,철골,상부,공장,벽체,판넬,부착,철골부,형강,설치작업,진행,중,피재,안전대,체결,철골,부재,탈락,몸,중심,아래,추락,사망,해임,,,,,,,,,,,,,,,,,,,,,,,,,,,,,,,,,,,,,,,,,,,,,,,,,
514,피재,등,명,배수,박스,내부,벽체,거푸집,설치작업,진행,중,양방향,내부,벽체,거푸집,안쪽,전도,바닥,상부,작업,중,피재,명,사망,명,부상,해임,,,,,,,,,,,,,,,,,,,,,,,,,,,,,,,,,,,,,,,,,,,,,,,,
515,트레일러,적재,도시,가스,배관,지게차,하역,중,도시,가스,배관,본이,지게차,포크,낙하,트레일러,운전원,피재,가격,사망,해임,,,,,,,,,,,,,,,,,,,,,,,,,,,,,,,,,,,,,,,,,,,,,,,,,,,,,,
516,외벽,균열,보수,작업,피재,아파트,옥상,기관,달비계,지지,로프,결속,후,달비계,탑승,순간,로프,지지,통,기관,탈락,아래,지상,바닥,추락,사망,해임,,,,,,,,,,,,,,,,,,,,,,,,,,,,,,,,,,,,,,,,,,,,,,,,
517,피재,철제,트러스,중도리,설치,창고,지붕,위,설치작업,진행,중,실족,아래,콘크리트,바닥,추락,사망,해임,,,,,,,,,,,,,,,,,,,,,,,,,,,,,,,,,,,,,,,,,,,,,,,,,,,,,,,,,
518,피재,가스,배관,지지,브라켓,도장작업,후,철,골보,형강,상부,이동,중,실족,아래,콘크리트,바닥,추락,사망,해임,,,,,,,,,,,,,,,,,,,,,,,,,,,,,,,,,,,,,,,,,,,,,,,,,,,,,,,
519,관매,되메우기,완료,후,피재,청소,작업,진행,중,인근,작업,후진,굴삭기,타이어,협착,사망,해임,,,,,,,,,,,,,,,,,,,,,,,,,,,,,,,,,,,,,,,,,,,,,,,,,,,,,,,,,,
520,철골,공인,피재,형강,인양,부재,양단,섬유,로프,슬링벨트,체결,후,타워크레인,인양,중,약,지점,형강,중심,한쪽,형강,섬유,로프,이탈,지상,작업,중,피재,가격,사망,해임,,,,,,,,,,,,,,,,,,,,,,,,,,,,,,,,,,,,,,,,,,,,
521,미장공,피재,건물,외벽,미장,작업,외부,쌍줄,비계,작업발판,설치,중,실족,아래,지상,바닥,추락,사망,해임,,,,,,,,,,,,,,,,,,,,,,,,,,,,,,,,,,,,,,,,,,,,,,,,,,,,,,,,
522,터파기,구간,바닥,면,잔토,제거,굴삭기,붐대,단부,브레이커,버켓,교체,후,붐대,선회,중,버켓,붐대,연결부,퀵,커플러,탈락,하부,바닥,작업,진행,피재,가격,사망,해임,,,,,,,,,,,,,,,,,,,,,,,,,,,,,,,,,,,,,,,,,,,,,
523,피재,시스템,써포트,수평재,위,벽체,거푸집,조립,작업,진행,중,실족,아래,콘크리트,바닥,추락,사망,해임,,,,,,,,,,,,,,,,,,,,,,,,,,,,,,,,,,,,,,,,,,,,,,,,,,,,,,,,,
524,지게차,운전,원인,피재,비상,발전기,체인블럭,지게차,포크,결속,자재,반,입구,비상,발전기,기실,하역,중,지게차,전복,아래,전,바닥,지게차,추락,사망,해임,,,,,,,,,,,,,,,,,,,,,,,,,,,,,,,,,,,,,,,,,,,,,,,,
525,피재,등,명,지상,층,바닥,슬래브,콘크리트,타설작업,진행,중,데크,하중,탈락,피재,아래,지하,층,바닥,추락,사망,해임,,,,,,,,,,,,,,,,,,,,,,,,,,,,,,,,,,,,,,,,,,,,,,,,,,,,,
526,개인,주택,창호,옥탑,판넬,설치,현장,보수,피재,경사,기와지붕,위,옥탑,판넬,음부,실리콘,코킹,작업,진행,중,기와,파손,중심,아래,바닥,추락,사망,해임,,,,,,,,,,,,,,,,,,,,,,,,,,,,,,,,,,,,,,,,,,,,,,,
527,피재,등,명,번,띠장,설치,가설,전등,설치,작업,진행,과정,가설,전선,번,띠장,포설,중,실족,아래,콘크리트,바닥,추락,사망,해임,,,,,,,,,,,,,,,,,,,,,,,,,,,,,,,,,,,,,,,,,,,,,,,,,,
528,피재,명,수직,굴착,저면,약,하수관,설치,모래,부설,이동,중,굴착,수직면,약,토사,붕괴,매몰,명,사망,부상,해임,,,,,,,,,,,,,,,,,,,,,,,,,,,,,,,,,,,,,,,,,,,,,,,,,,,,,
529,굴착,사면,위,연약지반,이토,슬라이딩,사면,하부,굴착,작업,중,굴삭기,대가,매몰,굴삭기,운전원,명,사망,해임,,,,,,,,,,,,,,,,,,,,,,,,,,,,,,,,,,,,,,,,,,,,,,,,,,,,,,,,
530,전공,피재,케이블,트레이,전선,포설,작업,고소작업대,탑승,상승,중,덕트,고소작업대,안전난간,사이,협착,사망,해임,,,,,,,,,,,,,,,,,,,,,,,,,,,,,,,,,,,,,,,,,,,,,,,,,,,,,,,,,
531,잠,수사,피재,수중,시계,불량,발생,등,작업,환경,상태,연안,파고계,점검,쿠바,잠,수작업,도중,실린더,내부,잔존,산소량,착오,등,익사,해임,,,,,,,,,,,,,,,,,,,,,,,,,,,,,,,,,,,,,,,,,,,,,,,,,
532,피재,미장,작업,완료,후,자재,손수레,지상,운반,층,리프트,탑승구,발코니,외측,보조,발판,손수레,중,손수레,추락,사망,해임,,,,,,,,,,,,,,,,,,,,,,,,,,,,,,,,,,,,,,,,,,,,,,,,,,,,,
533,공장,지붕,판넬,설치,후,광판,간격,설치,과정,지붕,위,이동,피재,기,설치,채,광판,단부,순간,몸,중심,광판,미설치,인접,개구부,아래,추락,사망,해임,,,,,,,,,,,,,,,,,,,,,,,,,,,,,,,,,,,,,,,,,,,,,,
534,피재,햄,머로,조적,벽체,해체작업,진행,중,안방,문틀,상부,해체,슬래브,부착,벽체,일부분,낙하,하부,작업,중,피재,사망,해임,,,,,,,,,,,,,,,,,,,,,,,,,,,,,,,,,,,,,,,,,,,,,,,,,,,,
535,피재,명,보일러실,조,벽체,해체작업,진행,중,조,벽체,도괴,재자,쪽,피재,명,벽체,명,사망,명,부상,해임,,,,,,,,,,,,,,,,,,,,,,,,,,,,,,,,,,,,,,,,,,,,,,,,,,,,,,
536,인조잔디,설치,현장,피재,백,호우,지지,마대,규사,하부,칼,절개,기,포설,고무,칩,혼합,중,마대,벨트,파단,마대,사망,해임,,,,,,,,,,,,,,,,,,,,,,,,,,,,,,,,,,,,,,,,,,,,,,,,,,,
537,트럭,운전,원인,피재,페이,로더로,철근,하역작업,적재함,우측,문,고정,핀,순간,우측,문,피재,타격,동시,철근,다발,낙하,피재,두부,협착,사망,해임,,,,,,,,,,,,,,,,,,,,,,,,,,,,,,,,,,,,,,,,,,,,,,,,
538,피재,모델,하우스,지붕,샌드위치,판넬,해체,정리,작업,진행,중,철골,개구부,추락,아래,바닥,추락,사망,해임,,,,,,,,,,,,,,,,,,,,,,,,,,,,,,,,,,,,,,,,,,,,,,,,,,,,,,,,
539,피재,엘리베이터,피트,내부,동료,작업자,엘리베이터,가이드,레일,설치작업,층,위치,카운터,웨이트,균형추,블럭,개,중,카운터,웨이트,피트,내부,벽체,폼타이,균형추,블럭,개,낙하,지상,층,작업대,위,피재,강타,사망,해임,,,,,,,,,,,,,,,,,,,,,,,,,,,,,,,,,,,,,,,
540,형강,카고크레인,트럭,상차,작업,진행,중,양중,형강,보조,달기,기구,빔,클램프,낙하,약,작업,상황,피재,강타,사망,해임,,,,,,,,,,,,,,,,,,,,,,,,,,,,,,,,,,,,,,,,,,,,,,,,,,,,,
541,아파트,지하,저수조,경량,철골,상부,수평,연결재,용접작업,진행,과정,휴식,이동식,틀비계,중,실족,추락,사망,해임,,,,,,,,,,,,,,,,,,,,,,,,,,,,,,,,,,,,,,,,,,,,,,,,,,,,,,,,
542,피재,지상,층,약,위치,보거푸집,조립,작업,목재,사다리,중,몸,중심,사다리,바닥,추락,사망,해임,,,,,,,,,,,,,,,,,,,,,,,,,,,,,,,,,,,,,,,,,,,,,,,,,,,,,,,,,
543,내,화피,복공,피재,전선,트레이,위,철골기둥,내화,피복,고정용,핀,설치작업,진행,중,피재,안전대,하강,중,리프트,모서리,피재,리프트,전선,트레이,사이,협착,사망,해임,,,,,,,,,,,,,,,,,,,,,,,,,,,,,,,,,,,,,,,,,,,,,,
544,피재,공장,지붕,위,철재,파이프,인양,작업,진행,과정,자재,중,고압선,컷아웃,스위치,철재,파이프,접촉,감전,아래,추락,사망,해임,,,,,,,,,,,,,,,,,,,,,,,,,,,,,,,,,,,,,,,,,,,,,,,,,,,,
545,피재,주차장,상부,천창,설치,예정,개구부,천막,위,자재,스티로폼,안전난간,천,막,지지,각재,순간,약,아래,지하층,바닥,추락,사망,해임,,,,,,,,,,,,,,,,,,,,,,,,,,,,,,,,,,,,,,,,,,,,,,,,,,,
546,지상,층,바닥,철거공사,진행,중,조,벽,철거,잔재,하중,등,낙하,하부,지상,층,활용,쓰레기,선별,작업,피재,가격,사망,해임,,,,,,,,,,,,,,,,,,,,,,,,,,,,,,,,,,,,,,,,,,,,,,,,,,,
547,물류,창고,경사,지붕,피재,동료,작업자,지붕,판넬,운반,중,실족,아래,콘크리트,바닥,추락,사망,해임,,,,,,,,,,,,,,,,,,,,,,,,,,,,,,,,,,,,,,,,,,,,,,,,,,,,,,,,,
548,도장,공,명,고소작업대,차,작업대,탑승,교량,상판,슬래브,외벽,콘크리트,중성화,방지,도장작업,진행,중,고소작업대,차,전도,하부,이동,중,배관,공,명,사망,도장,공,명,운전원,명,부상,해임,,,,,,,,,,,,,,,,,,,,,,,,,,,,,,,,,,,,,,,,,
549,로우,운전,원인,피재,로우,더,붐,상태,시트,바,안전장치,후,고개,전방,확인,중,붐,하강,붐,자체,사이,협착,사망,해임,,,,,,,,,,,,,,,,,,,,,,,,,,,,,,,,,,,,,,,,,,,,,,,,,,,
550,아파트,세대,내부,창호설치,윈치,유리,인양,중,유리,지지,결속,섬유,로프,비계파이프,유리,섬유,로프,낙하,지상,건물,밖,피재,가격,사망,해임,,,,,,,,,,,,,,,,,,,,,,,,,,,,,,,,,,,,,,,,,,,,,,,,,,
551,피재,지상,층,계단실,계단참,이동식,사다리,방화,문틀,벽체,사이,몰탈,뒤채움,작업,진행,중,이동식,사다리,슬래브,단부,실족,아래,지상,바닥,추락,사망,해임,,,,,,,,,,,,,,,,,,,,,,,,,,,,,,,,,,,,,,,,,,,,,,,,
552,피재,달비계,탑승,아파트,외벽,견출,작업,진행,중,옥상,환기구,구조물,결속,달기,로프,달비계,약,아래,지상,추락,사망,해임,,,,,,,,,,,,,,,,,,,,,,,,,,,,,,,,,,,,,,,,,,,,,,,,,,,,,
553,지상,조립,크레인,운반,중,대형,거푸집,강풍,피재,집,접근,제어,중,기,설치,강제,거푸집,인양,중,거푸집,사이,협착,사망,해임,,,,,,,,,,,,,,,,,,,,,,,,,,,,,,,,,,,,,,,,,,,,,,,,,,,
554,강관,파일,항타기,와이어,우프,인양,중,와이어,우프,인양고리,이탈,하부,용접작업,피재,낙하,강관,파일,사망,해임,,,,,,,,,,,,,,,,,,,,,,,,,,,,,,,,,,,,,,,,,,,,,,,,,,,,,,,,
555,형틀목공,피재,거푸집,해체작업,중,케이블,인입,개구,부약,아래,콘크리트,바닥,추락,사망,해임,,,,,,,,,,,,,,,,,,,,,,,,,,,,,,,,,,,,,,,,,,,,,,,,,,,,,,,,,,,,
556,굴삭기,후크,단관파이프,다발,트럭,적재함,운반,상차,작업,진행,중,버킷,탈락,피재,머리,가격,사망,해임,,,,,,,,,,,,,,,,,,,,,,,,,,,,,,,,,,,,,,,,,,,,,,,,,,,,,,,,,
557,도장공,피재,층,바닥,에폭시,마감,준비,작업,청소,중,층,계단,입구,위치,쓰레기,운반용,손수레,뒷걸음,이동,한쪽,바퀴,아래,계단,지탱,손수레,계단참,손수레,사망,해임,,,,,,,,,,,,,,,,,,,,,,,,,,,,,,,,,,,,,,,,,,,,,,
558,관로,공인,피재,하수관,매설,아래,굴착,저면,수작업,진행,중,간,흙막이,상부,포장,아스,콘,슬라이딩,피재,강타,사망,해임,,,,,,,,,,,,,,,,,,,,,,,,,,,,,,,,,,,,,,,,,,,,,,,,,,,,,
559,피재,비산,먼지,차단,외줄,비계,상,진망,설치작업,진행,중,몸,중심,아래,바닥,추락,사망,해임,,,,,,,,,,,,,,,,,,,,,,,,,,,,,,,,,,,,,,,,,,,,,,,,,,,,,,,,,
560,피재,등,명,덤웨이터,해체작업,진행,과정,덤웨이터,샤프트,출입문,해체,후,내부,가이드,레일,위,피재,카,박스,연결,권상용,와이어로프,절단,순간,연결,균형추,피재,머리,위,낙하,사망,해임,,,,,,,,,,,,,,,,,,,,,,,,,,,,,,,,,,,,,,,,,,,
561,판넬,공인,피재,창고,지붕판,설치작업,과정,고정,판넬,작업,중,실족,아래,콘크리트,바닥,추락,사망,해임,,,,,,,,,,,,,,,,,,,,,,,,,,,,,,,,,,,,,,,,,,,,,,,,,,,,,,,,,
562,피재,등,명,모델,하우스,금속,지붕재,해체작업,진행,과정,피재,일부,해체,후,장소,이동,중,지붕,트러스,상현재,목재,아래,층,바닥,추락,사망,해임,,,,,,,,,,,,,,,,,,,,,,,,,,,,,,,,,,,,,,,,,,,,,,,,
563,형틀목공,피재,계단실,거푸집,설치작업,이동식,틀비계,상부,거푸집,수평재,위,거푸집,수평,수직,강관,파이프,보강,작업,결,철선,설치작업,진행,중,몸,중심,아래,콘크리트,바닥,추락,사망,해임,,,,,,,,,,,,,,,,,,,,,,,,,,,,,,,,,,,,,,,,,,,,
564,피재,명,도시,가스관,이설,활,천공,작업,후,플러그,배관,끝,마감재,설치작업,진행,중,샌드위치,밸브,본체,하우징,사이,볼트,파손,도시,가스,압력,샌드위치,밸브,플러그,머신,수직,비래,명,사망,명,상당,해임,,,,,,,,,,,,,,,,,,,,,,,,,,,,,,,,,,,,,,
565,견출,작업,사용,이동식,틀비계,거푸집,동바리,수평재,사이,거치,작업발판,중,틀비계,단부,실족,아래,콘크리트,바닥,추락,사망,것,추정,해임,,,,,,,,,,,,,,,,,,,,,,,,,,,,,,,,,,,,,,,,,,,,,,,,,,,,
566,전공,피재,전선,배관,설치,구간,길이,실측,후,높이,고정식,사다리,중,몸,중심,추락,사망,해임,,,,,,,,,,,,,,,,,,,,,,,,,,,,,,,,,,,,,,,,,,,,,,,,,,,,,,,,,
567,피재,층,외부,창틀,코킹,작업,진행,중,창틀,층,슬라브,사이,거치,미,고정,파이프,순간,도괴,아래,홀,바닥,추락,사망,해임,,,,,,,,,,,,,,,,,,,,,,,,,,,,,,,,,,,,,,,,,,,,,,,,,,,
568,관로,공인,피재,하수관,매설,아래,굴착,저면,수작업,진행,중,간,흙막이,상부,포장,아스,콘,슬라이딩,피재,강타,사망,해임,,,,,,,,,,,,,,,,,,,,,,,,,,,,,,,,,,,,,,,,,,,,,,,,,,,,,
569,카고크레인,운전원,피재,철골,계단,설치,공사,진행,과정,철골기둥,용접,계단참,강재,데크,약,조정,작업,중,계단참,가용,접부,위,파단,아래,지상,계단참,추락,사망,해임,,,,,,,,,,,,,,,,,,,,,,,,,,,,,,,,,,,,,,,,,,,,,,
570,미장공,피재,미장,작업,물통,운반,중,층,층,사이,계단실,벽면,머리,병원,치료,중,사망,해임,,,,,,,,,,,,,,,,,,,,,,,,,,,,,,,,,,,,,,,,,,,,,,,,,,,,,,,,,
571,굴삭기,운전,원인,피재,굴착,사면,하단,토사,상차,작업,배수,정비,작업,진행,중,상단,부,토사,붕괴,백호,매몰,피재,사망,해임,,,,,,,,,,,,,,,,,,,,,,,,,,,,,,,,,,,,,,,,,,,,,,,,,,,
572,피재,철골기둥,보,용접,기둥,흙막이,시설,브라켓,사이,거치,보,달대,비계,설치,후,달,대비,작업발판,순간,보가,브라켓,탈락,상부,피재,아래,바닥,추락,사망,해임,,,,,,,,,,,,,,,,,,,,,,,,,,,,,,,,,,,,,,,,,,,,,,
573,피재,공장,지붕,슬레이트,스티로폼,철거,중도리,위,슬레이트,아래,스티로폼,제거,작업,진행,중,몸,중심,아래,콘크리트,바닥,추락,사망,해임,,,,,,,,,,,,,,,,,,,,,,,,,,,,,,,,,,,,,,,,,,,,,,,,,,,,
574,피재,지상,엘리베이터,피트,내부,기계,거치대,설치작업,진행,중,작업발판,사용,합판,아래,엘리베이터,내부,콘크리트,바닥,추락,사망,해임,,,,,,,,,,,,,,,,,,,,,,,,,,,,,,,,,,,,,,,,,,,,,,,,,,,,,,
575,피재,등,명,건조,사일로,점검,철재,계단,길,중량,설치,중,거치,철재,계단,지지,형강,용접부,위,파단,철재,계단,약,아래,추락,사망,해임,,,,,,,,,,,,,,,,,,,,,,,,,,,,,,,,,,,,,,,,,,,,,,,,
576,정화조,내부,방,수작업,피재,이동식,알루미늄,사다리,아래,정화조,내부,바닥,중,실족,아래,바닥,추락,사망,해임,,,,,,,,,,,,,,,,,,,,,,,,,,,,,,,,,,,,,,,,,,,,,,,,,,,,,,,,
577,피재,아파트,층,리프트,탑승구,출입문,개방,상태,리프트,중,아래,리프트,케이지,천정,손수레,추락,사망,해임,,,,,,,,,,,,,,,,,,,,,,,,,,,,,,,,,,,,,,,,,,,,,,,,,,,,,,,,,
578,전공,피재,공장,변압기,실내,부하,개폐기,판넬,내부,청소,작업,진행,중,부하,측,부스,바,접촉,감전,사망,해임,,,,,,,,,,,,,,,,,,,,,,,,,,,,,,,,,,,,,,,,,,,,,,,,,,,,,,
579,피재,등,명,기존,건물,철거,외부,외줄,비계,보강,진망,보수,작업,외줄,비계,상부,작업,진행,중,실족,아래,바닥,추락,사망,해임,,,,,,,,,,,,,,,,,,,,,,,,,,,,,,,,,,,,,,,,,,,,,,,,,,
580,철근,자재,야적장,카고크레인,가량,철근,다발,인양,중,턴테이블,볼트,파단,크레인,붐대,전도,신호,중,피재,가격,협착,사망,해임,,,,,,,,,,,,,,,,,,,,,,,,,,,,,,,,,,,,,,,,,,,,,,,,,,,,,
581,철골,공인,피재,공,장동,외부,벽체,철골,보상,형강,볼트조임,작업,진행,중,몸,중심,아래,콘크리트,바닥,추락,사망,해임,,,,,,,,,,,,,,,,,,,,,,,,,,,,,,,,,,,,,,,,,,,,,,,,,,,,,
582,공장,분,해관,상부,보온,공사,현장,설비,공인,피재,비계,보온재,설치,후,외장재,설치작업,진행,중,실족,아래,바닥,추락,사망,해임,,,,,,,,,,,,,,,,,,,,,,,,,,,,,,,,,,,,,,,,,,,,,,,,,,,
583,유리,공인,피재,작업대,크기,임의,변형,안전난간,상태,고소작업대,상단,온실,경사,지붕,유리,코킹,작업,진행,중,실족,아래,지상,추락,사망,해임,,,,,,,,,,,,,,,,,,,,,,,,,,,,,,,,,,,,,,,,,,,,,,,,,,
584,피재,통행,열차,신호,임무,선로,이동,중,운행,중,전동,열차,충돌,사망,해임,,,,,,,,,,,,,,,,,,,,,,,,,,,,,,,,,,,,,,,,,,,,,,,,,,,,,,,,,,,,
585,덤프트럭,적재함,상승,상태,앞,이동,토사,하역작업,진행,중,편심,하중,작용,전도,덤프트럭,왼편,유도,업무,토사,반입량,확인,피재,적재함,협착,사망,해임,,,,,,,,,,,,,,,,,,,,,,,,,,,,,,,,,,,,,,,,,,,,,,,,,
586,아파트,외부,우수관,매설,작업,진행,과정,피재,우수관,설치,굴삭기,백,호우,중,균형,후진,굴삭기,충돌,사망,해임,,,,,,,,,,,,,,,,,,,,,,,,,,,,,,,,,,,,,,,,,,,,,,,,,,,,,,,
587,철골,공인,피재,창고동,지상,층,접합부,용접부,위,볼트,체결,부위,도장작업,진행,중,실족,아래,바닥,추락,사망,해임,,,,,,,,,,,,,,,,,,,,,,,,,,,,,,,,,,,,,,,,,,,,,,,,,,,,,,
588,피재,지하층,계단상,작업발판,단부,스프링클러,천정,배관작업,진행,중,몸,중심,아래,바닥,추락,사망,해임,,,,,,,,,,,,,,,,,,,,,,,,,,,,,,,,,,,,,,,,,,,,,,,,,,,,,,,,,,
589,두부,가시설,해체작업,진행,과정,해체,예정,형강,샤클,체결,후,인양,중,주,두부,철근,보조로프,거치,후,신호,중,피재,보조로프,형강,가격,충격,보조로프,철근,이탈,아래,지상,추락,사망,해임,,,,,,,,,,,,,,,,,,,,,,,,,,,,,,,,,,,,,,,,,
590,공장,내부,철골빔,도장작업,카고크레인,탑승,설비,작업대,탑승,붐,높이,조절,중,카고크레인,붐,탑승,설비,연결,핀,이탈,작업대,약,아래,콘크리트,바닥,추락,사망,해임,,,,,,,,,,,,,,,,,,,,,,,,,,,,,,,,,,,,,,,,,,,,,,,
591,전공,피재,지하,층,주차장,동식,천정,전기,배선용,레이스,웨이,스틸,파이프,지지,앵커,설치작업,고소작업대,탑승,이동,중,천정,보,상부,난간대,사이,협착,사망,해임,,,,,,,,,,,,,,,,,,,,,,,,,,,,,,,,,,,,,,,,,,,,,,,
592,철근,콘크리트,보,상부,피재,철골기둥,기존,설치,앵커,볼트,너트,체결,중,몸,중심,아래,바닥,추락,사망,해임,,,,,,,,,,,,,,,,,,,,,,,,,,,,,,,,,,,,,,,,,,,,,,,,,,,,,,,
593,피재,지하,층,지상,층,바닥,기,설치,보일러,열,병합,발전기,연도,연결,설치,작업,준비,과정,보일러,연도,내부,개구부,아래,지하,층,바닥,추락,사망,해임,,,,,,,,,,,,,,,,,,,,,,,,,,,,,,,,,,,,,,,,,,,,,,
594,피재,폭,깊이,굴착,저면,하수관,매설,간,흙막이,시설,설치작업,도중,측면,토사,붕괴,매몰,사망,해임,,,,,,,,,,,,,,,,,,,,,,,,,,,,,,,,,,,,,,,,,,,,,,,,,,,,,,,,,
595,피재,정차,자신,덤프트럭,이동,것,발견,이,정지,중,트럭,앞바퀴,협착,사망,해임,,,,,,,,,,,,,,,,,,,,,,,,,,,,,,,,,,,,,,,,,,,,,,,,,,,,,,,,,,,,
596,잡철,공인,피재,연구,동,층,외부,피난,부위,창호,코킹,작업,중,실족,아래,지상,바닥,추락,사망,해임,,,,,,,,,,,,,,,,,,,,,,,,,,,,,,,,,,,,,,,,,,,,,,,,,,,,,,,
597,철골,공인,피재,철골,부재,녹막이,페인트칠,작업,지렛대,사용,철골부,재,중,철골,부재,반력,지렛대,피재,가격,이,뒤,피재,두부,지상,바닥,충돌,사망,해임,,,,,,,,,,,,,,,,,,,,,,,,,,,,,,,,,,,,,,,,,,,,,,,
598,층,슬라브,단부,시스템동바리,해체작업,중,시스템동바리,상부,멍에,층,설치,수평,낙하물방지망,낙하,층,거푸집,제작,중,피재,가격,사망,해임,,,,,,,,,,,,,,,,,,,,,,,,,,,,,,,,,,,,,,,,,,,,,,,,,,,,,
599,트럭,적재함,자재,합판,묶음,약,지게차,사용,중,포크,자재,더미,적재함,낙하,피재,사망,해임,,,,,,,,,,,,,,,,,,,,,,,,,,,,,,,,,,,,,,,,,,,,,,,,,,,,,,,,,,
600,피재,용접기,등,공구,비계,작업발판,해체,구간,개구부,중,실족,아래,지상,바닥,추락,사망,해임,,,,,,,,,,,,,,,,,,,,,,,,,,,,,,,,,,,,,,,,,,,,,,,,,,,,,,,,,,
601,피재,층,콘크리트,타설,완료,후,보양,작업,외부,비계,설치작업,중,실족,아래,바닥,추락,사망,해임,,,,,,,,,,,,,,,,,,,,,,,,,,,,,,,,,,,,,,,,,,,,,,,,,,,,,,,,,
