doc_code,t1,t2,t3,c1,c2,c3,c4,title,content,image,table,appendix,math_exp,attachment,reference,enclosure_image,enclosure,asterisk,appendix_table
,,,,,,,,,,,,,,,,,,,
C-30-2020,4.,,,,,,,강관비계 작업의 준비와 관리,,,,,,,,,,,
C-30-2020,4.,4.1,,,,,,준비,,,,,,,,,,,
C-30-2020,4.,4.1,,(1),,,,,"작업계획, 작업내용 등을 충분히 검토하고 비계의 조립도에 따라 다음 사항을 확인하여야 한다.",,,,,,,,,,
C-30-2020,4.,4.1,,(1),(가),,,,강관비계용 재료의 안전인증품 여부,,,,,,,,,,
C-30-2020,4.,4.1,,(1),(나),,,,"비계의 치수(높이, 길이, 폭)",,,,,,,,,,
C-30-2020,4.,4.1,,(1),(다),,,,구조물의 형태와 구조물과 비계 사이 간격,,,,,,,,,,
C-30-2020,4.,4.1,,(1),(라),,,,"작업발판, 안전난간, 가설통로 및 낙하물방지망, 수직보호망 등의 설치계획",,,,,,,,,,
C-30-2020,4.,4.1,,(1),(마),,,,"보강 방법(출입구, 단부, 우각부 등)",,,,,,,,,,
C-30-2020,4.,4.1,,(1),(바),,,,비계 높이가 31m 이상이거나 발주자 또는 인ㆍ허가기관의 장이 필요하다고 인정하는 비계는 관계전문가(건설기술진흥법 시행령 101조의2에 따른다)로부터 구조적 안전성을 확인받아야 한다.,,,,,,,,,,
C-30-2020,4.,4.1,,(2),,,,,작업현장 및 주변의 상황 등 다음 사항을 확인하여야 한다.,,,,,,,,,,
C-30-2020,4.,4.1,,(2),(가),,,,부지내 공지의 상황(자재의 적치장소 등),,,,,,,,,,
C-30-2020,4.,4.1,,(2),(나),,,,장애물의 유무,,,,,,,,,,
C-30-2020,4.,4.1,,(2),(다),,,,인접건축물과의 간섭여부,,,,,,,,,,
C-30-2020,4.,4.1,,(2),(라),,,,가공전로의 방호상황,,,,,,,,,,
C-30-2020,4.,4.1,,(2),(마),,,,주변도로의 상황(교통량 및 도로의 폭등),,,,,,,,,,
C-30-2020,4.,4.1,,(2),(바),,,,가공선로의 방호상황,,,,,,,,,,
C-30-2020,4.,4.1,,(2),(사),,,,주변도로의 상황(교통량 및 도로의 폭등 각종 교통규제 포함),,,,,,,,,,
C-30-2020,4.,4.1,,(3),,,,,재료의 반입 시기와 방법 및 적치장소(임시보관소 포함) 등을 확인하여야 한다.,,,,,,,,,,
C-30-2020,4.,4.1,,(4),,,,,"크레인 등의 운전자, 형틀공, 철근공, 도장공 등 관련 직종 기능공과 작업방법 등에 관하여 협의하여야 한다.",,,,,,,,,,
C-30-2020,4.,4.2,,,,,,관리,,,,,,,,,,,
C-30-2020,4.,4.2,,(1),,,,,작업관리를 위하여 근로자는 다음사항을 고려하여 배치하여야 한다.,,,,,,,,,,
C-30-2020,4.,4.2,,(1),(가),,,,경험의 정도와 건강상태,,,,,,,,,,
C-30-2020,4.,4.2,,(1),(나),,,,"비계의 치수(높이, 길이, 폭)",,,,,,,,,,
C-30-2020,4.,4.2,,(1),(다),,,,"고령자와 연소자 또는 고․저혈압, 약시, 난청 등 건강에 이상이 있는 자는 고소작업 및 위험작업에 투입금지 등",,,,,,,,,,
C-30-2020,4.,4.2,,(2),,,,,강관비계 조립 및 해체작업을 하는 근로자는 「유해·위험작업의 취업 제한에 관한 규칙」[별표1] 17번에 의한 자격·면허·기능 및 경험에 적합하여야 한다.,,,,,,,,,,
C-30-2020,4.,4.2,,(3),,,,,작업장소의 상황과 작업순서 등은 가능한 그림 등을 사용하여 정확하게 지시하여야 한다.,,,,,,,,,,
C-30-2020,4.,4.2,,(4),,,,,"출입금지 장소에는 울타리, 로프, 표지판 등을 설치하여 작업 장소에 접근할 수 없도록 출입을 제한하고, 감시자를 배치하여야 한다.",,,,,,,,,,
C-30-2020,5.,,,,,,,강관비계의 재료,,,,,,,,,,,
C-30-2020,5.,5.1,,,,,,일반,,,,,,,,,,,
C-30-2020,5.,5.1,,(1),,,,,강관비계의 조립도에 기초하여 조립에 필요한 부재별 수량의 반입 여부를 확인 하여야 한다.,,,,,,,,,,
C-30-2020,5.,5.1,,(2),,,,,반입된 재료는 안전인증고시 또는 「산업표준화법」에 의한 한국산업표준에서 정하는 기준 등에 적합하거나 동등 이상의 성능을 가진 재료인지를 확인하여야 한다.,,,,,,,,,,
C-30-2020,5.,5.1,,(3),,,,,재사용 부재의 사용 여부는 KOSHA GUIDE (재사용 가설기자재 성능기준에 관한 지침)과 품질관리 기준에 따른다.,,,,,,,,,,
C-30-2020,5.,5.2,,,,,,작업발판,"방호장치 안전인증 고시 또는 한국산업표준에 적합하거나 동등 이상의 성능을 가진 재료를 사용하여야 한다. 다만, 목재 또는 합판을 사용하는 경우에는 사용 상의안전을 고려하여 선정하도록 하여야 한다.",,,,,,,,,,
C-30-2020,6.,,,,,,,안전작업사항,,,,,,,,,,,
C-30-2020,6.,,,(1),,,,,"관리감독자는 조립·해체 또는 변경의 시기·범위 및 절차를 그 작업에 종사하는 근로자에게 주지시켜야 하며, 근로자는 관리감독자의 지휘에 따라 작업하도록 하여야 한다.",,,,,,,,,,
C-30-2020,6.,,,(2),,,,,"비계의 구조 및 재료에 따라 작업발판의 최대적재하중을 정하고 이를 초과하지 않아야 하며, 최대적재하중을 근로자에게 알려야 한다.",,,,,,,,,,
C-30-2020,6.,,,(3),,,,,비계에서 근로자가 이동 할 때에는 반드시 지정된 통로를 이용하여야 한다.,,,,,,,,,,
C-30-2020,6.,,,(4),,,,,비계작업 근로자는 동일 수직면에서 상․하 동시 작업을 금지하여야 한다.,,,,,,,,,,
C-30-2020,6.,,,(5),,,,,"비, 눈, 그 밖의 기상상태의 불안정으로 날씨가 몹시 나쁜 경우에는 그 작업을 중지하여야 한다.",,,,,,,,,,
C-30-2020,6.,,,(6),,,,,추락의 위험이 있는 장소에는 안전난간 또는 추락방호망을 설치하거나 안전대를 착용하는 등의 추락위험방지 조치 후 작업하여야 한다.,,,,,,,,,,
C-30-2020,6.,,,(7),,,,,"조립․해체 또는 변경 작업에는, 해당작업에 종사하는 근로자가 아닌 사람의 출입을 금지하고, 그 내용을 보기 쉬운 장소에 게시하여야 한다.",,,,,,,,,,
C-30-2020,6.,,,(8),,,,,가공전로에 근접하여 비계를 설치하는 경우에는 가공전로를 이설하거나 가공전로에 절연용 방호구를 장착하는 등 가공전로와의 접촉을 방지하기 위한 조치를 하여야 한다.,,,,,,,,,,
C-30-2020,7.,,,,,,,조 립,,,,,,,,,,,
C-30-2020,7.,7.1,,,,,,기초,,,,,,,,,,,
C-30-2020,7.,7.1,,(1),,,,,"지반은 비계기둥이 침하하지 않도록 충분히 다짐하고, 깔판·깔목 등은 평탄하게 설치하여야 한다. 다만, 콘크리트, 강재 표면 및 단단한 아스팔트 등과 같은 지반은 깔판·깔목을 설치하지 않은 상태에서 받침 철물만을 사용하여 지지할 수 있다.",,,,,,,,,,
C-30-2020,7.,7.1,,(2),,,,,연약지반은 비계기둥이 침하하지 않도록 두께 45mm 이상의 깔판·깔목을 소요 폭 이상으로 설치하거나 콘크리트를 타설한다.,,,,,,,,,,
C-30-2020,7.,7.2,,,,,,받침철물과 밑둥잡이,깔판이나 깔목의 중심에 정해진 비계기둥 간격으로 배치하고 이동을 방지하기 위하여 지반에 최대한 근접하여 밑둥잡이를 설치하는 등의 조치를 하여야 한다.,,,,,,,,,,
C-30-2020,7.,7.3,,,,,,비계기둥,,,,,,,,,,,
C-30-2020,7.,7.3,,(1),,,,,"비계기둥의 간격은 띠장 방향에서는 1.85m 이하, 장선방향에서는 1.5 m 이하로 설치하여야 한다.",,,,,,,,,,
C-30-2020,7.,7.3,,(2),,,,,비계기둥은 수직도를 유지하도록 설치하며 필요한 경우 임시 가새를 설치하여야 한다.,,,,,,,,,,
C-30-2020,7.,7.3,,(3),,,,,"비계기둥의 제일 윗부분으로부터 31m되는 지점 밑부분의 비계기둥은 2개의 강관으로 묶어 세워야 한다. 다만, 브라켓(bracket, 까치발) 등으로 보강하여 2개의 강관으로 묶을 경우 이상의 강도가 유지되거나 관계전문가(구조기술사)의 안전 확인을 받은 경우에는 그러하지 아니하다.",<그림 1>,,,,,,,,,
C-30-2020,7.,7.3,,(4),,,,,비계기둥의 연결은 이음철물(강관조인트 등)이나 조임철물(클램프 등) 등을 사용하여야 하며 연결 위치가 일직선 또는 동일축 내에 집중되지 않도록 길이가 서로 다른 강관을 사용하여 조립하여야 한다.,,,,,,,,,,
C-30-2020,7.,7.3,,(5),,,,,비계기둥간의 적재하중은 400 ㎏f(3.92 kN)을 초과하지 않도록 적재 하여야 한다.,,,,,,,,,,
C-30-2020,7.,7.3,,(6),,,,,비계기둥 1개에 작용하는 하중은 700 kgf(6.86 kN) 이내이어야 한다.,,,,,,,,,,
C-30-2020,7.,7.3,,(7),,,,,비계기둥과 구조물 사이는 추락방지를 위하여 가급적 30㎝ 이하로 조립 하여야 한다.,,,,,,,,,,
C-30-2020,7.,7.3,,(8),,,,,비계기둥과 구조물 사이는 근로자의 추락을 방지하기 위하여 추락 방호망을 설치하여야 한다.,,,,,,,,,,
C-30-2020,7.,7.4,,,,,,띠장,,,,,,,,,,,
C-30-2020,7.,7.4,,(1),,,,,"띠장의 수직간격은 2.0m이하로 하여야 한다. 다만, 작업의 성질상 이를 준수하기가 곤란하여 쌍기둥틀 등에 의하여 해당 부분을 보강한 경우에는 그러하지 아니하다.",,,,,,,,,,
C-30-2020,7.,7.4,,(2),,,,,"비계기둥과 띠장의 체결은 반드시 전용 클램프(고정형)로 체결하며, 300～ 350kgf․㎝ 이상의 조임 토크로 균일하게 체결하여야 한다.",,,,,,,,,,
C-30-2020,7.,7.4,,(3),,,,,"띠장을 연속해서 설치할 경우에는 이음철물(강관 조인트 등)을 사용하고, 교차되는 비계기둥에는 조임 철물(클램프 등)로 결속하여야 한다.",,,,,,,,,,
C-30-2020,7.,7.4,,(4),,,,,동일 평면의 띠장 이음 위치는 각각의 띠장끼리 최소 30㎝ 이상 엇갈리게 하여야 한다.,,,,,,,,,,
C-30-2020,7.,7.5,,,,,,장선,,,,,,,,,,,
C-30-2020,7.,7.5,,(1),,,,,징선은 비계 기둥과 띠장의 교차부에 가능한 근접하게 비계의 내·외측 기둥 또는 띠장에 클램프로 고정하여야 한다.,,,,,,,,,,
C-30-2020,7.,7.5,,(2),,,,,"장선은 작업발판을 지지할 수 있도록 1.85m 이하로 설치하되,부득이한 경우 작업발판 지지용 철물을 띠장에 클램프로 고정하여 설치하여야 한다.",,,,,,,,,,
C-30-2020,7.,7.5,,(2),,,,,"비계기둥과 장선의 체결은 반드시 전용 클램프(고정형)로 체결하며, 300～ 350kgf․㎝이상의 조임 토크로 균일하게 체결하여야 한다.",,,,,,,,,,
C-30-2020,7.,7.5,,(3),,,,,"통로용 작업발판을 맞댐형식으로 설치하는 경우, 장선은 작업발판의 내민부분이 10～20㎝의 범위가 되도록 간격을 정하여 설치하여야 한다.",,,,,,,,,,
C-30-2020,7.,7.5,,(4),,,,,"장선은 띠장으로부터 5㎝ 이상 돌출하여 설치하고, 바깥쪽 돌출부분은 수직보호망 등의 설치를 고려하여 일정한 돌출길이가 되도록 설치하여야 한다.",,,,,,,,,,
C-30-2020,7.,7.6,,,,,,가새,,,,,,,,,,,
C-30-2020,7.,7.6,,(1),,,,,"교차가새는 비계의 외면에 45° 정도로 교차하여 두 방향에 설치하며, 교차하는 모든 비계기둥에 체결한다.",,,,,,,,,,
C-30-2020,7.,7.6,,(2),,,,,"가새와 비계기둥과의 교차부는 전용 클램프(회전형)로 체결하며, 300～350kgf․㎝이상의 조임토크로 균일하게 체결하여야 한다.",,,,,,,,,,
C-30-2020,7.,7.6,,(3),,,,,수평 가새는 <그림 2>과 같이 벽이음을 부착한 높이의 각 스팬마다 설치하여 보강하여야 한다.,<그림 2>,,,,,,,,,
C-30-2020,7.,7.7,,,,,,벽이음,,,,,,,,,,,
C-30-2020,7.,7.7,,(1),,,,,"벽이음재는 안전인증품을 사용하고, 설치간격은 해당 전문가의 안전 확인을 받은 경우 구조검토 결과 조립 간격을 준수하고, 최대 수직방향 5m 이하, 수평방향 5m 이하로 설치하여야 한다.",,,,,,,,,,
C-30-2020,7.,7.7,,(2),,,,,"벽이음의 설치위치는 기둥과 띠장의 결합 부근으로 하며, 벽면과 직각이 되도록 설치하고, 비계의 최상단과 가장자리 끝에도 벽이음을 설치하여야 한다",,,,,,,,,,
C-30-2020,7.,7.7,,(3),,,,,"벽이음은 결속에 필요한 요구조건과 구조체면의 특성을 고려하여 아래에서 제시하는 벽이음을 설치방법(예시)을 선택하여 사용할 수 있으며, 설치간격은 벽이음재의 성능과 작용하중을 고려한 구조설계에 따라 결정하여야 한다.",<그림 3>,,,,,,,,,
C-30-2020,7.,7.7,,(4),,,,,임시로 벽이음을 설치한 경우에는 가능한 빨리 본 벽이음으로 교체 하여 설치 하여야 한다.,,,,,,,,,,
C-30-2020,7.,7.7,,(5),,,,,외측에 수직보호망 등을 설치하는 경우에는 고정하중이나 작업하중과 같은 수직하중 이외에 풍하중에 대한 영향을 고려하여야 한다.,,,,,,,,,,
C-30-2020,7.,7.7,,(6),,,,,"비계에 낙하물방지망, 방호선반 등을 설치하는 경우 <그림 4>과 같이 벽이음을 설치하여야 한다.",<그림 4>,,,,,,,,,
C-30-2020,7.,7.8,,,,,,작업발판,,,,,,,,,,,
C-30-2020,7.,7.8,,(1),,,,,근로자가 추락하거나 넘어질 위험이 있는 장소에서 작업을 할 때에 작업발판을 설치하여야 한다.,,,,,,,,,,
C-30-2020,7.,7.8,,(2),,,,,작업발판과 작업발판 사이의 틈 간격은 3 ㎝ 이하로 하여야 한다.,,,,,,,,,,
C-30-2020,7.,7.8,,(3),,,,,작업발판은 이탈되거나 탈락하지 않도록 2개 이상의 지지물에 고정하여야 한다.,,,,,,,,,,
C-30-2020,7.,7.8,,(4),,,,,작업발판 끝 부분의 돌출길이는 10 ㎝ 이상 20 ㎝ 이하로 하여야 한다.,,,,,,,,,,
C-30-2020,7.,7.8,,(5),,,,,작업발판을 이동시킬 때에는 추락방지 등 위험방지에 필요한 조치를 하여야 한다.,,,,,,,,,,
C-30-2020,7.,7.9,,,,,,안전난간,,,,,,,,,,,
C-30-2020,7.,7.9,,(1),,,,,"작업발판 및 통로의 끝 등 추락의 위험이 있는 장소에는 안전난간을 설치하여야 한다. 다만 작업의 성질상 안전난간을 설치하는 것이 곤란한 경우, 작업의 필요상 임시로 안전난간을 해체할 때에는 추락방호망을 설치하거나 근로자로 하여금 안전대를 착용하도록 하는 등 추락위험을 방지하기 위하여 필요한 조치를 하여야 한다.",,,,,,,,,,
C-30-2020,7.,7.9,,(2),,,,,비계에 설치하는 난간은 비계기둥의 안쪽에 설치하는 것을 원칙으로 한다.,,,,,,,,,,
C-30-2020,7.,7.9,,(3),,,,,"안전난간은 <그림 5>와 같이 설치하며, 상부난간대는 바닥면, 발판, 통로의 표면으로부터 90㎝이상 120㎝이하의 높이를 유지하여야 한다.",<그림 5>,,,,,,,,,
C-30-2020,7.,7.10,,,,,,경사로,,,,,,,,,,,
C-30-2020,7.,7.10,,(1),,,,,경사로의 폭은 최소 90㎝ 이상으로 설치하여야 한다.,<그림 6>,,,,,,,,,
C-30-2020,7.,7.10,,(2),,,,,"경사로에는 높이 7m이내 마다 <그림 7>과 같이 폭 90㎝, 길이180㎝ 이상의 계단참을 설치하고, 계단참과 경사로의 연결부는 높이차가 없도록 설치하여야 한다.",<그림 7>,,,,,,,,,
C-30-2020,7.,7.10,,(3),,,,,"경사각은 30° 이하 이어야 하며, 미끄럼막이를 일정한 간격으로 다음 <표 1> 및 <그림 8>에 따라 설치하여야 한다.",<그림 8>,<표 1>,,,,,,,,
C-30-2020,7.,7.11,,,,,,가설계단,설치기준은 KOSHA GUIDE「가설계단의 설치 및 사용 안전보건 작업지침」에 따른다.,,,,,,,,,,
C-30-2020,7.,7.12,,,,,,출입구 보강,,,,,,,,,,,
C-30-2020,7.,7.12,,(1),,,,,비계의 출입구 등은 사재에 의한 보강 및 비계기둥에 비계용 강관을 덧붙여 보강하여야 한다.,,,,,,,,,,
C-30-2020,7.,7.12,,(2),,,,,비계의 높이가 15m 이상일 경우 출입구 양측의 비계기둥에 비계용 강관을 덧붙여 보강하여야 한다.,,,,,,,,,,
C-30-2020,7.,7.12,,(3),,,,,출입구 상부의 비계 전․후면에는 가새로 <그림 9>과 같이 수평재를 보강하여야 한다,<그림 9>,,,,,,,,,
C-30-2020,7.,7.13,,,,,,우각부 보강,,,,,,,,,,,
C-30-2020,7.,7.13,,(1),,,,,우각부는 개구부를 없애기 위해 양변의 비계기둥을 근접하도록 배치하여야 한다.,,,,,,,,,,
C-30-2020,7.,7.13,,(2),,,,,우각부는 비계의 2층마다 비계용 강관과 연결철물(클램프)로 체결하여야 한다.,,,,,,,,,,
C-30-2020,7.,7.13,,(3),,,,,우각부는 개구부로부터 추락방지를 위해 작업발판을 수평으로 설치하여야 한다.,<그림 10>,,,,,,,,,
C-30-2020,7.,7.13,,(4),,,,,우각부가 폐합되지 않은 비계에는 벽이음재 등을 사용하여 각 층마다 우각부 구간을 보강조치 하여야 한다.,,,,,,,,,,
C-30-2020,7.,7.14,,,,,,낙하물 방지설비,,,,,,,,,,,
C-30-2020,7.,7.14,,(1),,,,,비계에 설치하는 방호선반은 KOSHA GUIDE (낙하물 방호선반 설치 지침)을 참조한다.,,,,,,,,,,
C-30-2020,7.,7.14,,(2),,,,,비계에 설치하는 낙하물방지망은 KOSHA GUIDE (낙하물 방지망 설치 지침)을 참조한다.,,,,,,,,,,
C-30-2020,7.,7.14,,(3),,,,,비계에 설치하는 수직보호망은 KOSHA GUIDE (수직보호망 설치 지침)을 참조 한다.,,,,,,,,,,
C-30-2020,8.,,,,,,,점검보수,"눈, 그 밖의 기상상태의 악화로 작업을 중지시킨 후 또는 비계를 조립 해체하거나 변경한 후에 그 비계에서 작업을 하는 경우에는 해당 작업을 시작하기 전에 다음 사항을 점검하고, 이상을 발견하면 즉시 보수하여야 한다.",,,,,,,,,,
C-30-2020,8.,,,(1),,,,,발판재료의 손상여부 및 부착 또는 걸림상태,,,,,,,,,,
C-30-2020,8.,,,(2),,,,,비계의 연결부 또는 접속부의 풀림상태,,,,,,,,,,
C-30-2020,8.,,,(3),,,,,이음철물 및 조임철물의 손상 또는 부식상태,,,,,,,,,,
C-30-2020,8.,,,(4),,,,,손잡이의 탈락여부,,,,,,,,,,
C-30-2020,8.,,,(5),,,,,비계기둥의 침하․변형․변위 또는 흔들림 상태,,,,,,,,,,
C-30-2020,9.,,,,,,,해체,,,,,,,,,,,
C-30-2020,9.,,,(1),,,,,"비계 해체 작업계획서를 작성하고, 작업계획서 내용을 근로자에게 알려야 하며, 해체작업 반경에는 관계 근로자가 아닌 사람의 출입을 금지하고 그 내용을 보기 쉬운 장소에 게시하여야 한다.",,,,,,,,,,
C-30-2020,9.,,,(2),,,,,해체 작업 전 비계에 결함이 발생한 경우에는 정상적인 상태로 복구한 후에 해체하여야 한다. 특히 해체작업 전 벽이음과 가새는 반드시 확인하여야 한다.,,,,,,,,,,
C-30-2020,9.,,,(3),,,,,작업은 2명 이상의 공동작업을 원칙으로 수행하여야 한다.,,,,,,,,,,
C-30-2020,9.,,,(4),,,,,추락의 위험이 있는 곳에서는 반드시 안전대를 착용하고 작업하여야 한다.,,,,,,,,,,
C-30-2020,9.,,,(5),,,,,"해체된 부재의 운반은 크레인 등의 장비 사용을 원칙으로 하며, 인력으로 내리는 경우에는 던지는 작업방법은 금지하여야 한다.",,,,,,,,,,
C-30-2020,9.,,,(6),,,,,"벽이음, 가새는 가능한 나중에 해체하며, 필요한 경우 임시가새, 버팀목을 설치 하는 등 안전조치를 강구하여야 한다.",,,,,,,,,,
C-30-2020,9.,,,(7),,,,,비계의 설치 기간 및 하중 부과 등으로 잔류응력이 축적된 상태이므로 비계 해체 전에 비계 벽이음의 설치상태 점검 및 보강 후 각 단별 (또는 층별)로 순차적으로 해체하여야 한다.,,,,,,,,,,
C-85-2013,4.,,,,,,,트럭 탑재형 크레인의 구조,국내 현장에서 주로 사용하는 직진식 붐 트럭 탑재형 크레인의 종류로 주요명칭은 <그림 1>과 같다.,<그림 0>,,,,,,,,,
C-85-2013,5.,,,,,,,트럭 탑재형 크레인의 안전장치,,,,,,,,,,,
C-85-2013,5.,,,(1),,,,,"“권과방지장치”라 함은 인양용 와이어로프의 일정한계 이상 감기게 되면 자동적으로 동력을 차단하고 작동을 정지시킴으로서 훅이 상부에 부딪히는 것을 방지하는 장치이며, 훅이 최상부에 도달하기 전에 경보음과 함께 작동이 정지되는지 점검하여야 한다.",<그림 1>,,,,,,,,,
C-85-2013,5.,,,(2),,,,,"“과부하방지장치”라 함은 정격하중 1.1배 이상의 권상하중이 부하되었을 때 경보와 함께 자동적으로 상승이 정지되는 장치이며, 안전인증기준에 의한 안전인증(구 검정기관)을 받은 제품 인지의 여부를 확인하여야 한다.",,,,,,,,,,
C-85-2013,5.,,,(3),,,,,"“비상정지장치”라 함은 비상시 동력을 차단하여 크레인을 정지시키는 장치이며, 버튼을 누르면 트럭 탑재형 크레인의 동력이 차단되는지 점검하여야 한다.",<그림 2>,,,,,,,,,
C-85-2013,5.,,,(4),,,,,"“훅해지장치”라 함은 훅으로 부터 줄걸이 로프의 이탈을 방지하기 위해 훅에 설치된 개폐 장치이며, 훅해지가 원활하게 작동하는지 점검하여야 한다.",,,,,,,,,,
C-85-2013,5.,,,(5),,,,,“하중지시계”라 함은 붐의 최 하단에 부착된 경사지시계로 붐의 인출 길이와 각도에 따라 허용하중을 확인할 수 있는 지시장치이다.,<그림 3>,,,,,,,,,
C-85-2013,5.,,,(6),,,,,“붐 회전방지장치”라 함은 주행 시 크레인 상부 회전체를 회전하지 못하도록 고정하는 장치이다.,,,,,,,,,,
C-85-2013,5.,,,(7),,,,,"“아웃트리거”라 함은 전도 사고를 방지하기 위하여 장비의 좌우에 부착하여 전도 모멘트를 효과적으로 지탱할 수 있도록 하는 장치이며, 아웃트리거 용접부의 균열 및 실린더 작동이 원활하게 작동되는지 점검하여야 한다.",<그림 4>,,,,,,,,,
C-85-2013,6.,,,,,,,트럭 탑재형 크레인 안전작업 절차,탑재형 크레인 인양작업시 <그림 5>와 같은 순서에 준하여 안전작업 절차를 준수하여야 한다.,<그림 5>,,,,,,,,,
C-85-2013,6.,6.1,,,,,,사용계획 수립 및 검토,,,,,,,,,,,
C-85-2013,6.,6.1,6.1.1,,,,,일반안전사항,,,,,,,,,,,
C-85-2013,6.,6.1,6.1.1,(1),,,,,인양작업 등 사전 위험성평가를 실시하여 잠재위험요인에 대한 안전대책을 수립하여야 한다.,,,,,,,,,,
C-85-2013,6.,6.1,6.1.1,(2),,,,,관리감독자로 하여금 유해․위험을 방지하기 위하여 다음 업무를 수행하도록 하여야 한다.,,,,,,,,,,
C-85-2013,6.,6.1,6.1.1,(2),(가),,,,작업방법과 근로자 배치를 결정하고 그 작업을 지휘하는 일,,,,,,,,,,
C-85-2013,6.,6.1,6.1.1,(2),(나),,,,재료의 결함 유무 또는 기구 및 공구의 기능을 점검하고 불량품을 제거 하는 일,,,,,,,,,,
C-85-2013,6.,6.1,6.1.1,(2),(다),,,,작업 중 안전대 또는 안전모의 착용 상황을 감시하는 일,,,,,,,,,,
C-85-2013,6.,6.1,6.1.1,(3),,,,,"작업장의 지형, 지반 및 지층상태 등에 대한 사전조사를 실시하여 다음 사항을 포함한 작업계획서를 작성하고, 그 내용을 작업 전에 근로자에게 주지시켜야 한다.",,,,,,,,,,
C-85-2013,6.,6.1,6.1.1,(3),(가),,,,근로자 떨어짐의 위험을 예방할 수 있는 안전대책,,,,,,,,,,
C-85-2013,6.,6.1,6.1.1,(3),(나),,,,자재에 의한 맞음의 위험을 예방할 수 있는 안전대책,,,,,,,,,,
C-85-2013,6.,6.1,6.1.1,(3),(다),,,,근로자 넘어짐의 위험을 예방할 수 있는 안전대책,,,,,,,,,,
C-85-2013,6.,6.1,6.1.1,(3),(라),,,,깔림의 위험을 예방할 수 있는 안전대책,,,,,,,,,,
C-85-2013,6.,6.1,6.1.1,(3),(마),,,,무너짐의 위험을 예방할 수 있는 안전대책,,,,,,,,,,
C-85-2013,6.,6.1,6.1.1,(4),,,,,"중량물 취급 작업의 작업계획서를 작성하고, 근로자에게 작업계획 내용을 주지시키도록 하여야 하며, 작업지휘자를 지정하여 작업계획서에 따라 작업을 지휘하도록 하여야 한다.",,,,,,,,,,
C-85-2013,6.,6.1,6.1.1,(5),,,,,"작업구역 내 출입금지 구역을 지정하여 관계 근로자가 아닌 사람의 출입을 금지시키고, 신호수를 배치하여 작업을 하는 일정한 신호방법을 정하여 신호하도록 하여야 한다.",,,,,,,,,,
C-85-2013,6.,6.1,6.1.1,(6),,,,,"과부하방지장치, 권과방지장치 등 방호장치에 대하여 검정기관의 검정 합격 여부를 확인하여야 한다. 트럭 탑재형 크레인은 2009.10.1일 이후 출고되는 것부터 안전인증 대상이므로 과부하방지장치는 산업안전보건법 제34조에 따른 의무안전인증 대상 기계․기구 등의 안전인증기준에 의거 안전인증을 득한 제품인지 확인하여야 한다.",,,,,,,,,,
C-85-2013,6.,6.1,6.1.1,(7),,,,,"강풍(순간풍속 10m/s이상) 등의 악천후 시 인양작업으로 인하여 근로자에게 위험을 미칠 우려가 있는 경우에는 작업을 중지해야 하며, 비, 눈, 그 밖의 기상상태의 불안정으로 날씨가 몹시 나쁜 경우에는 산업안전보건기준에 관한 규칙 제37조 악천후 및 강풍 시 작업중지 또는 제383조 철골작업 중지를 준용하여 안전기준을 수립하여야 한다.",,,,,,,,,,
C-85-2013,6.,6.1,6.1.1,(8),,,,,충전전로의 인근에서 작업 시에는 충전전로의 충전부로부터 300센티미터 이상 이격하거나 산업안전보건기준에 관한 규칙 제322조의 충전전로 인근에서 차량․기계장치 작업을 준수하도록 안전기준을 수립하여야 한다.,,,,,,,,,,
C-85-2013,6.,6.1,6.1.1,(9),,,,,"트럭 탑재형 크레인은 정격하중 이상으로 작업할 경우에 넘어지거나 부재가 손상될 수 있으므로 설계기준, 장비 매뉴얼과 제원표, 인양능력표를 확인하여야 하며, 트럭 탑재형 크레인 운전원의 자격, 자동차 검사증, 보험 가입을 확인하여야 한다. 트럭 탑재형 크레인 운전원 조종의 자격은 다음과 같다.",,,,,,,,,,
C-85-2013,6.,6.1,6.1.1,(9),(가),,,,총중량 3.5톤 이하의 트럭 탑재형 크레인 운전자 : 2종 보통 자동차운전 면허증,,,,,,,,,,
C-85-2013,6.,6.1,6.1.1,(9),(나),,,,총중량 10톤 미만의 트럭 탑재형 크레인 운전자 : 1종 보통 자동차운전 면허증,,,,,,,,,,
C-85-2013,6.,6.1,6.1.1,(9),(다),,,,총중량 10톤 이상의 트럭 탑재형 크레인 운전자 : 1종 대형 자동차운전 면허증,,,,,,,,,,
C-85-2013,6.,6.1,6.1.1,(10),,,,,"작업장소의 지반조사를 실시하여 최대하중에 대응할 수 있는 지지력이 확보 되었는지 검토하고, 지반 보강이 필요한 경우에는 적절한 조치를 수립하여야 한다.",,,,,,,,,,
C-85-2013,6.,6.1,6.1.1,(11),,,,,부적절한 줄걸이 방법에 의하여 자재의 떨어짐 사고를 방지하기 위하여 줄걸이 작업준수 사항 및 인양용구의 안전유의 사항은 운반하역 표준안전 작업지침 및 KOSHA Guide C-48-2012 (건설기계 안전보건작업 지침)을 따른다.,,,,,,,,,,
C-85-2013,6.,6.2,,,,,,트럭 탑재형 크레인 설치,,,,,,,,,,,
C-85-2013,6.,6.2,6.2.1,,,,,트럭 탑재형 크레인 설치시 준수사항,,,,,,,,,,,
C-85-2013,6.,6.2,6.2.1,(1),,,,,트럭 탑재형 크레인의 중량물 작업계획 등 작업과 관련된 위험성평가를 수행하여 중량에 맞는 트럭 탑재형 크레인을 선정하여야 한다.,,,,,,,,,,
C-85-2013,6.,6.2,6.2.1,(2),,,,,"트럭 탑재형 크레인 운행경로와 장비 설치장소, 작업장 지지력과 작업장 주변의 장애물 등을 확인하여야 한다.",,,,,,,,,,
C-85-2013,6.,6.2,6.2.1,(3),,,,,"작업반경내에는 지상 장애물 확인 및 관계 근로자이외 사람들이 접근하지 못하도록 안전 휀스, 출입금지 표지판 설치 등으로 출입을 제한하여야 하며, 작업 중에 운전원과 신호할 수 있도록 신호자를 배치하여야 한다.",,,,,,,,,,
C-85-2013,6.,6.2,6.2.1,(4),,,,,충전전로의 인근에서 작업 시에는 충전부로부터 300센티미터 이상 이격하여 설치하거나 필요시 방호조치를 하여야 한다.,,,,,,,,,,
C-85-2013,6.,6.2,6.2.1,(5),,,,,"트럭 탑재형 크레인의 아웃트리거 설치 시 아웃트리거를 최대로 확장하고, 지지력을 확보한 견고한 곳에 받침판을 깔고 설치하여야 한다.",,,,,,,,,,
C-85-2013,6.,6.2,6.2.1,(6),,,,,"절토 및 성토 선단부에 트럭 탑재형 크레인의 거치를 금지하고, 다만 선단부에 거치시에는 지반의 상태에 따라 충분하게 이격하여 설치하여야 한다.",,,,,,,,,,
C-85-2013,6.,6.2,6.2.1,(7),,,,,트럭 탑재형 크레인의 수직 및 수평 균형을 확인하여 맞추어야 한다.,,,,,,,,,,
C-85-2013,6.,6.2,6.2.2,,,,,작업전 확인사항,,,,,,,,,,,
C-85-2013,6.,6.2,6.2.2,(1),,,,,작업 시작 전에 관리감독자는 다음 필요한 사항을 점검하도록 하여야 한다.,,,,,,,,,,
C-85-2013,6.,6.2,6.2.2,(1),(가),,,,권과방지장치나 그 밖의 경보장치의 기능,,,,,,,,,,
C-85-2013,6.,6.2,6.2.2,(1),(나),,,,브레이크․클러치 및 조정장치의 기능,,,,,,,,,,
C-85-2013,6.,6.2,6.2.2,(1),(다),,,,와이어로프가 통하고 있는 곳 및 작업장소의 지반상태,,,,,,,,,,
C-85-2013,6.,6.2,6.2.2,(1),(라),,,,와이어로프 등의 이상 유무,,,,,,,,,,
C-85-2013,6.,6.2,6.2.2,(1),(마),,,,"하역장치, 유압장치 및 턴테이블등 주요부위에 대한 상태",,,,,,,,,,
C-85-2013,6.,6.2,6.2.2,(2),,,,,"트럭 탑재형 크레인 이동시 이동경로를 사전에 근로자에게 교육하고, 운전원에게 중량물 취급의 작업계획서에 의한 작업방법, 신호수와 신호방법의 사전협의, 인양 줄걸이 작업 시 주의사항 등을 교육하여야 한다.",,,,,,,,,,
C-85-2013,6.,6.2,6.2.2,(3),,,,,"인양작업 시 신호수를 배치 여부를 확인해야 하며, 운전원과 신호수의 신호방법을 확인하여야 한다.",,,,,,,,,,
C-85-2013,6.,6.2,6.2.2,(4),,,,,"작업하는 운전자 또는 작업자가 보기 쉬운 곳에 정격하중, 운전속도, 경고표시 등의 부착상태 및 달기구 정격하중의 표시를 확인하여야 하며, 인양물의 중량을 확인하여야 한다.",,,,,,,,,,
C-85-2013,6.,6.2,6.2.2,(5),,,,,"트럭 탑재형 크레인의 회전반경내에 안전 휀스, 출입금지 표지판 설치 등 관계자이외 근로자 출입을 금지하는 조치여부를 점검하여야 한다.",,,,,,,,,,
C-85-2013,6.,6.2,6.2.2,(6),,,,,"트럭 탑재형 크레인의 수평도를 확인하고, 아웃트리거의 받침 및 지반의 침하 여부를 점검하여야 한다.",,,,,,,,,,
C-85-2013,6.,6.2,6.2.2,(7),,,,,트럭 탑재형 크레인을 사용하여 하물을 운반하는 경우에 훅의 해지장치의 설치 상태를 확인하여야 한다.,,,,,,,,,,
C-85-2013,6.,6.2,6.2.2,(8),,,,,"트럭 탑재형 크레인 명세서에 적혀 있는 지브의 경사각의 범위를 확인하여야 하며, 길이가 긴 인양물을 수평에서 수직으로 세울 필요가 있는 경우에는 인양 반경 증가에 따른 트럭 탑재형 크레인 인양 능력을 사전에 검토하여야 한다.",,,,,,,,,,
C-85-2013,6.,6.2,6.2.2,(9),,,,,"작업 전에 주변의 고압선, 지상 장애물 등 및 지하매설물 여부를 점검 하여야 하며, 고압선은 절연용 방호구의 설치여부를 확인하여야 한다.",,,,,,,,,,
C-85-2013,6.,6.2,6.2.2,(10),,,,,"강풍 시 사고 위험성이 있으므로 풍속의 크기를 측정하여 확인하고, 순간풍속이 초당 10미터를 초과하는 경우에는 작업을 중지하여야 한다.",,,,,,,,,,
C-85-2013,6.,6.2,6.2.2,(11),,,,,"근로자가 5킬로그램 이상의 중량물을 들어올리는 작업을 하는 경우에 주로 취급하는 물품에 대하여 근로자가 쉽게 알 수 있도록 물품의 중량과 무게 중심에 대하여 작업장 주변에 안내표시를 하며, 취급하기 곤란한 물품은 손잡이를 붙이거나 갈고리, 진공빨판 등 적절한 보조도구를 활용하여야 한다.",,,,,,,,,,
C-85-2013,6.,6.3,,,,,,인양작업 실시,,,,,,,,,,,
C-85-2013,6.,6.3,6.3.1,,,,,인양작업 중 안전수칙,,,,,,,,,,,
C-85-2013,6.,6.3,6.3.1,(1),,,,,트럭 탑재형 크레인을 사용하는 경우에 구조 부분을 구성하는 강재 등이 변형되거나 부러지는 일 등을 방지하기 위하여 해당 크레인의 제조자가 제공하는 사용설명서를 준수하여야 한다. 또한 명세서에 적혀 있는 지브의 경사각의 범위에서 사용하도록 하여야 한다.,,,,,,,,,,
C-85-2013,6.,6.3,6.3.1,(2),,,,,"탐승설비를 훅에 매달거나 붐에 부착하는 등의 탑승작업은 절대 금지해야 하고, 인양 작업 시 인양물 위에 근로자가 탑승한 채로 이동을 금지해야 하며, 근로자에게 교육을 시켜야 한다.",,,,,,,,,,
C-85-2013,6.,6.3,6.3.1,(3),,,,,"인양 작업 시 인양물의 무게 중심, 고압선 등 주변 장애물 등을 점검하여야 하며, 슬링벨트의 체결을 견고하게 하여야 한다.",,,,,,,,,,
C-85-2013,6.,6.3,6.3.1,(4),,,,,"긴 자재는 경사지게 인양하지 않고 수평을 유지하여 인양토록 해야 하며, 부딪힘 등을 방지하기 위하여 인양을 유도하기 위한 보조 로프를 사용하여야 한다.",,,,,,,,,,
C-85-2013,6.,6.3,6.3.1,(5),,,,,"인양작업 시 자재 맞음의 위험구역에 관계 근로자이외의 사람을 출입금지 시키고, 자재에 와이어로프 체결이후 자재의 맞음의 위험구역에서 이탈하도록 하여야 한다.",,,,,,,,,,
C-85-2013,6.,6.3,6.3.1,(6),,,,,"트럭 탑재형 크레인의 인양작업 중에 정격하중을 초과하는 하중을 걸어서 사용해서는 아니되며, 턴테이블 볼트 등 주요 구조부 부속품의 결함상태를 수시로 확인하여야 한다.",,,,,,,,,,
C-85-2013,6.,6.3,6.3.1,(7),,,,,인양작업을 할 때 트럭 탑재형 크레인의 넘어짐을 방지하기 위하여 아웃트 리거의 수평 상태 및 지반의 침하 여부 등 설치 상태를 수시로 점검하여야 한다.,,,,,,,,,,
C-85-2013,6.,6.3,6.3.1,(8),,,,,"인양용 공구를 이용한 인양작업 중에 와이어로프, 슬링벨트, 훅 안전고리, 훅 해지장치, 샤클의 손상 등을 수시로 점검하여 변형 또는 균열이 있는 사용을 금지해야 하며, 주기적으로 와이어로프, 슬링벨트 등을 교체하여야 한다.",,,,,,,,,,
C-85-2013,6.,6.3,6.3.1,(9),,,,,"권과방지장치, 비상정지장치 및 과부하방지장치의 불량 및 임의 해지 등 작동상태를 수시점검 하여야 하며, 아웃트리거 용접부의 균열유무 및 침하 유무를 점검하여야 한다.",,,,,,,,,,
C-85-2013,6.,6.3,6.3.1,(10),,,,,충전전로의 인근에서 작업 시에는 충전부로부터 300센티미터 이상 이격 하거나 신호수를 배치하여 고압선에 접촉하지 않도록 하여야 한다.,,,,,,,,,,
C-85-2013,6.,6.3,6.3.1,(11),,,,,"인양물의 형상, 무게, 특성에 따른 안전조치와 줄걸이 와이어로프의 매단 각도는 60° 이내로 하여야 한다.",,,,,,,,,,
C-85-2013,6.,6.3,6.3.1,(12),,,,,"부재를 인양하여 수평이동시 전선 등 장해물에 접촉할 우려는 없는지 확인하여야 하며, 유도 로프를 끌거나 누르지 않도록 하여야 한다.",,,,,,,,,,
C-85-2013,6.,6.3,6.3.1,(13),,,,,클램프로 부재 인양 및 철골부재 여러 개를 동시 인양할 경우는 떨어짐의 사고를 방지하기 위하여 KOSHA Guide C-44-2012 (철골공사 안전보건 작업 지침)을 따른다.,,,,,,,,,,
C-85-2013,6.,6.3,6.3.2,,,,,운전원 준수사항,,,,,,,,,,,
C-85-2013,6.,6.3,6.3.2,(1),,,,,"트럭 탑재형 크레인의 턴테이블 볼트 등 부속품의 결함상태를 점검하고, 주요 구조부 용접부의 균열 상태를 수시로 점검하여야 한다.",,,,,,,,,,
C-85-2013,6.,6.3,6.3.2,(2),,,,,"부재를 인양하여 내려야 할 지점에서 일단 붐대를 정지시켜 흔들림을 멈추게 하고, 인양물을 서서히 내리도록 하여야 한다.",,,,,,,,,,
C-85-2013,6.,6.3,6.3.2,(3),,,,,"아웃트리거는 수평을 유지하여 최대로 확장하고, 받침목은 2단의 초과사용을 금지하여야 한다.",,,,,,,,,,
C-85-2013,6.,6.3,6.3.2,(4),,,,,인양작업 중에 감전재해 예방을 위하여 주변에 고압선과 인양물의 간섭상태를 점검하여야 한다.,,,,,,,,,,
C-85-2013,6.,6.3,6.3.2,(5),,,,,"트럭 탑재형 크레인 적재함에 승․하강 시 뛰어 내리거나 하는 행위를 금지하고, 차에 부착된 발판을 딛고 천천히 이동하여야 한다.",,,,,,,,,,
C-85-2013,6.,6.3,6.3.2,(6),,,,,"작업 중 운전석 이탈을 금지하여야 한다. 다만, 운전원이 장비를 떠나야 할 경우는 인양물을 지면에 내려놓아야 하고, 구동 엔진 정지 및 브레이크는 고정 상태로 하여 잠금장치를 하여야 한다.",,,,,,,,,,
C-85-2013,6.,6.3,6.3.2,(7),,,,,"인양상태에서 갑작스런 스윙은 작업반경이 증가하게 되어 넘어짐의 위험이 있으므로 천천히 스윙하여야 하며, 갑작스러운 정지를 금하여야 한다.",,,,,,,,,,
C-85-2013,6.,6.3,6.3.2,(8),,,,,트럭 탑재형 크레인의 전방으로 양중물 인양작업 시 넘어짐의 위험이 높으므로 전방으로는 작업을 금지하여야 한다.,,,,,,,,,,
C-85-2013,6.,6.3,6.3.2,(9),,,,,"트럭 탑재형 크레인에 작용하는 충격하중은 슬링 등에 전달되어 붐의 파괴나 넘어짐 사고가 발생할 수 있으므로 충격하중을 최소화 할 수 있도록 급 가속하는 작업은 피해야 하며, 스윙 시 인양물이 출렁거리지 않게 하여야 한다.",,,,,,,,,,
C-85-2013,6.,6.3,6.3.2,(10),,,,,"인양작업을 할 때에는 신호수와 일정한 신호방법을 정하여 신호하도록 하고, 운전자는 그 신호에 따르도록 하여야 한다.",,,,,,,,,,
C-85-2013,6.,6.3,6.3.2,(11),,,,,"트럭 탑재형 크레인의 안전장치의 이상 및 운전 이상 시에는 운전을 정지하고, 관리감독자에게 통보하여야 한다.",,,,,,,,,,
C-85-2013,6.,6.3,6.3.2,(12),,,,,운전원은 차량 후진 시 사각지대에 근로자의 작업여부를 먼저 확인하여야 한다.,,,,,,,,,,
C-85-2013,6.,6.3,6.3.2,(13),,,,,기타 운전원 준수사항은 KOSHA Guide C-69-2012 (이동식 크레인 안전 보건작업 지침)을 따른다.,,,,,,,,,,
C-85-2013,6.,6.4,,,,,,작업 종료,,,,,,,,,,,
C-85-2013,6.,6.4,6.4.1,,,,,작업 종료 시 안전수칙,,,,,,,,,,,
C-85-2013,6.,6.4,6.4.1,(1),,,,,작업 종료 후 근로자의 넘어짐 사고를 방지하기 위하여 정리정돈을 하여야 한다.,,,,,,,,,,
C-85-2013,6.,6.4,6.4.1,(2),,,,,"경사면에 주차를 금지하여야 하며, 붐의 상태를 안전한 위치에 내려두고, 운전실은 항상 시건장치를 확인하여야 한다.",,,,,,,,,,
C-84-2013,4.,,,,,,,트러스교의 특징 및 종류,,,,,,,,,,,
C-84-2013,4.,,,(1),,,,,트러스교의 주요 특징은 다음과 같다.,,,,,,,,,,
C-84-2013,4.,,,(1),(가),,,,트러스교의 높이를 임의로 정할 수 있어 상당히 큰 휨모멘트에도 저항할 수 있다. 따라서 거더교보다 장지간의 교량에 사용할 수 있다. 도로교에서는 지간장 100미터 이상에서 철도교에서는 지간장 80미터 이상에서 트러스교가 경제적이다. 최대 지간장의 트러스교는 1918년에 완성된 캐나다의 Quebec교로 지간이 549미터이다.,,,,,,,,,,
C-84-2013,4.,,,(1),(나),,,,구성부재를 개별적으로 운반하여 현장에서 조립이 가능하므로 부재운반이 곤란한 산악지역에 적합한 구조형식이다.,,,,,,,,,,
C-84-2013,4.,,,(1),(다),,,,트러스의 상하에 바닥판의 설치가 가능하므로 2층 구조의 교량형식으로 사용할 수 있다.,,,,,,,,,,
C-84-2013,4.,,,(1),(라),,,,트러스구조는 내풍성이 좋고 강성확보가 용이하여 장대교량의 보강형(Stiffening girder)으로 적합하다.,,,,,,,,,,
C-84-2013,4.,,,(1),(마),,,,트러스교는 거더교에 비해 부재수가 많아 제작상 불리하다.,,,,,,,,,,
C-84-2013,4.,,,(2),,,,,트러스교의 각종 형식에 따른 종류는 다음과 같다.,,,,,,,,,,
C-84-2013,4.,,,(2),(가),,,,"와렌 트러스(Warren truss) : 바닥판이 위에 있는 상로(上路)의 단지간에 사용하기 좋고, 바닥판이 아래에 있는 하로교(下路橋)에 사용할 때 에는 횡형의 부착을 용이하게 하기 위하여 부수직재를 넣어 격간을 분 할하는 경우가 많다. 지간 60미터까지 적용 가능하고 현재 트러스교로서 가장 널리 사용되는 형식이다.",<그림 2>,,,,,,,,,
C-84-2013,4.,,,(2),(나),,,,"하우 트러스(Howe truss) : 사재의 방향이 지간 중심선에 대하여 위에서 아래로 바깥으로 향한 트러스이며, 사재는 일반적으로 압축재, 수직재는 인장재가 되며, 강교에서는 보통 쓰이지 않고 목교에서 많이 쓰이는 형식이다.",<그림 3>,,,,,,,,,
C-84-2013,4.,,,(2),(다),,,,"프랫 트러스(Pratt truss) : 사재의 방향이 하우 트러스와 반대로 된 트러스이며, 이 때 사재는 인장재, 수직재는 제일 외측에 있는 것을 제외하고 압축재가 되고, 압축력을 받는 상현재가 하우 트러스의 상현재보다 큰 압축력을 받게 되는 단점도 있다.",<그림 4>,,,,,,,,,
C-84-2013,4.,,,(2),(라),,,,"분격 트러스 : 지간이 길어지면 트러스 높이가 높아지고, 사재의 경사 각도 커지는 관계로 격간 길이가 길어져 압축재로서 불리하게 되고 가로보도 길어져 비경제적으로 되기 때문에 격간을 나눈 트러스를 말한다.",<그림 5>,,,,,,,,,
C-84-2013,5.,,,,,,,작업계획 수립 시 주요 검토사항,,,,,,,,,,,
C-84-2013,5.,,,(1),,,,,공사현장의 제반여건과 설계도서에서 정하고 있는 작업단계별 작업방법이 부합하고 공사용 장비 적용상의 문제가 없는지 검토한 후 구체적인 작업계획을 수립하여야 한다.,,,,,,,,,,
C-84-2013,5.,,,(2),,,,,작업계획서는 본 공법에 대한 이해와 경험을 갖춘 자가 수립하여야 하며 공사중에는 계획서의 내용 이행여부를 수시로 확인하여야 한다.,,,,,,,,,,
C-84-2013,5.,,,(3),,,,,공장에서 제작된 트러스구성 부재 등을 반입해서 사용하기 전에 유자격의 전문가가 구조적 안전성 및 부재의 결함·손상여부를 확인하여야 한다.,,,,,,,,,,
C-84-2013,5.,,,(4),,,,,"크레인을 사용하여 장비의 반입·반출, 부재의 조립 및 해체작업을 하는 경우에는 작업방법 및 순서 등이 포함된 중량물 취급 작업계획을 수립하여야 한다.",,,,,,,,,,
C-84-2013,6.,,,,,,,공통 안전사항,,,,,,,,,,,
C-84-2013,6.,,,(1),,,,,안전보건총괄책임자는 각 세부공정별로 위험성평가를 실시하고 위험등급에 따른 관리대상 공정을 정하여 재해예방대책을 수립하고 작업하여야 한다.,,,,,,,,,,
C-84-2013,6.,,,(2),,,,,"위험성평가를 실시할 때에는 설계도서, 현장조건, 시행하고자 하는 안전조치사항, 투입되는 근로자 및 건설장비 등을 종합적으로 검토하여 위험요인을 제거하거나 위험수준을 낮출 수 있도록 재해예방대책을 수립한 후 작업을 시작하여야 한다.",,,,,,,,,,
C-84-2013,6.,,,(3),,,,,고소작업에 따른 근로자들의 안전을 고려하여 추락 및 낙하물 방지시설을 설치하여야 한다.,,,,,,,,,,
C-84-2013,6.,,,(4),,,,,추락의 위험이 있는 고소작업의 경우에는 근로자가 안전하게 승강할 수 있는 승강설비 및 안전난간을 갖추어야 한다.,,,,,,,,,,
C-84-2013,6.,,,(5),,,,,충전전로의 인근에서 작업 시에는 산업안전보건기준에 관한 규칙 제322조의 충전전로 인근에서 차량·기계장치 작업을 준수하여 설치하여야 한다.,,,,,,,,,,
C-84-2013,6.,,,(6),,,,,"화재의 위험이 있는 용접 및 용단 작업장소에는 소화기, 방화수 등을 비치하여 초기 소화할 수 있도록 하여야 한다.",,,,,,,,,,
C-84-2013,6.,,,(7),,,,,"절단, 절삭, 용접작업 시 감전방지를 위해 접지 및 누전차단기가 설치된 분전반의 전원을 사용하고, 전선의 피복손상 유무를 확인하여야 한다.",,,,,,,,,,
C-84-2013,6.,,,(8),,,,,강풍시 고소에 있는 상부 자재 등의 맞음 재해가 발생하지 않도록 조치하여야 한다.,,,,,,,,,,
C-84-2013,6.,,,(9),,,,,"부재의 반입 및 반출, 가조립을 위한 작업 시 작업 지휘자를 정하여 작업을 직접 지휘하게 하여야 한다.",,,,,,,,,,
C-84-2013,6.,,,(10),,,,,"반입 및 반출, 가조립 등의 작업 시 교량 부재에 손상을 주지 않도록 신중하게 취급하여야 한다.",,,,,,,,,,
C-84-2013,6.,,,(11),,,,,작업후 작업장 주위를 청결하게 유지하여 위험을 사전에 방지하여야 한다.,,,,,,,,,,
C-84-2013,6.,,,(12),,,,,단위 작업반 내에서 의사소통이 미흡한 경우 위험상황을 초래할 수 있으므로 작업반 구성시 외국인 근로자가 포함되는 경우 원활한 의사소통을 위하여 사전에 교육․훈련을 실시하여야 한다.,,,,,,,,,,
C-84-2013,6.,,,(13),,,,,기타 안전수칙 및 산업안전보건법에 규정된 사항을 준수하여야 한다.,,,,,,,,,,
C-84-2013,7.,,,,,,,트러스교 시공순서,,,,,,,,,,,
C-84-2013,7.,,,(1),,,,,크레인을 이용하여 트러스거더를 인양 설치하는 시공순서는 다음과 같다.,"<그림 6>, <그림 7>",,,,,,,,,
C-84-2013,7.,,,(2),,,,,"본 작업지침은 필요시 가설벤트를 설치하고 지상에서 크레인으로 트러스 세그먼트를 인양 조립하여 시공하는 공법에 대한 내용이며, 해상에서의 크레인공법에 대한 경우에는 관련 해당 작업지침을 참고하고, 압출공법에 대한 경우에는 KOSHA GUIDE C-10-2011(교량공사(I.L.M공법) 안전보건작업 지침)에 따른다.",,,,,,,,,,
C-84-2013,8.,,,,,,,트러스거더 설치 시 안전작업,,,,,,,,,,,
C-84-2013,8.,8.1,,,,,,트러스거더 반입 및 적재,,,,,,,,,,,
C-84-2013,8.,8.1,,(1),,,,,"운반차량은 정격하중, 적재길이 및 선회반경 등의 현장 및 작업 조건을 고려하여 선정하여야 한다.",,,,,,,,,,
C-84-2013,8.,8.1,,(2),,,,,"트러스거더 운반시 지정 구간내 제한속도 규정 및 지정속도 운행을 준수하여야 하며, 운반전에 운전자에게 위험구간 및 운행방법에 대하여 사전교육을 실시하여야 한다.",,,,,,,,,,
C-84-2013,8.,8.1,,(3),,,,,"커브길에는 신호수를 배치하고 신호수의 신호에 따라 운행하도록 사전교육을 실시하여야 하며, 볼록반사경 등을 설치하여야 한다.",,,,,,,,,,
C-84-2013,8.,8.1,,(4),,,,,"후진 작업 시 유도자의 유도에 의한 작업을 하여야 하며, 유도자는 운전자가 보이는 장소에서 유도하여야 한다.",,,,,,,,,,
C-84-2013,8.,8.1,,(5),,,,,"작업 전에 사용할 기계나 기구, 인양고리 등을 점검하고 불량품이 있으면 교체하여야 한다.",,,,,,,,,,
C-84-2013,8.,8.1,,(6),,,,,"인양물에 의한 협착재해를 예방하기 위해 유도자 및 근로자는 양중 작업자가 보이는 위치에 있어야 하며, 인양 작업 시 근로자의 출입통제를 철저히 해야 한다.",,,,,,,,,,
C-84-2013,8.,8.1,,(7),,,,,트러스부재 인양에 사용되는 인양용 와이어로프 및 슬링로프는 작업 전에 점검을 실시하여야 한다.,,,,,,,,,,
C-84-2013,8.,8.1,,(8),,,,,트러스부재 인양 시 인양용 와이어로프 등은 2줄 걸이로 양방향으로 결속하여야 한다.,,,,,,,,,,
C-84-2013,8.,8.1,,(9),,,,,슬링로프로 강재를 감을 때 강재모서리와 로프 접촉부에 보호대를 설치하여야 한다.,,,,,,,,,,
C-84-2013,8.,8.1,,(10),,,,,"인양물 적치장소 및 중량물 취급장소는 지반침하에 의한 도괴재해 예방을 위해 잡석다짐, 콘크리트 타설 등을 고려하여야 한다.",,,,,,,,,,
C-84-2013,8.,8.1,,(11),,,,,"트러스부재의 받침은 스크루잭(Screw jack)과 침목 받침을 적절히 분배하여 사용하고, 인양물을 내려 놓기 전에 지반의 평탄성을 확인한 후 받침목 설치상태를 확인하여야 한다.",,,,,,,,,,
C-84-2013,8.,8.2,,,,,,트러스거더 조립,,,,,,,,,,,
C-84-2013,8.,8.2,,(1),,,,,지상조립장 선정시 고려할 사항은 다음과 같다.,,,,,,,,,,
C-84-2013,8.,8.2,,(1),(가),,,,자재 반입·반출 동선이 유리한 장소,,,,,,,,,,
C-84-2013,8.,8.2,,(1),(나),,,,"자재의 하역, 야적, 이동, 양중 및 설치 등 이동과정 최소화",,,,,,,,,,
C-84-2013,8.,8.2,,(1),(다),,,,제작장 바닥면은 연약지반 여부 확인 후 운영,,,,,,,,,,
C-84-2013,8.,8.2,,(1),(라),,,,부등침하 방지를 위해 로울러로 충분한 다짐 실시(필요시 버림콘크리트 타설),,,,,,,,,,
C-84-2013,8.,8.2,,(1),(마),,,,지반면보다 높은 강우 등으로 인한 배수가 원활한 장소,,,,,,,,,,
C-84-2013,8.,8.2,,(1),(바),,,,거더 횡방향 간격은 전도시 옆 거더 피해 방지를 위해 충분한 간격과 수평유지,,,,,,,,,,
C-84-2013,8.,8.2,,(1),(사),,,,제작된 순서대로 반출할 수 있는 충분한 운반공간,,,,,,,,,,
C-84-2013,8.,8.2,,(2),,,,,"부재의 접합면은 조립 전에 깨끗하게 청소하여야 하고, 조립 중 부재의 손상이 발생하지 않도록 유의하여 조립하여야 한다.",,,,,,,,,,
C-84-2013,8.,8.2,,(3),,,,,"지상 조립에서 고소 작업이 필요한 경우 이동식비계나 계단식 발판을 사용하여야 하고, 사다리를 이용하여 승강하는 경우에는 사다리를 고정하는 등의 전도 예방조치를 취하여야 한다.",,,,,,,,,,
C-84-2013,8.,8.2,,(4),,,,,트러스거더 접합 용접작업 시 근로자의 감전재해를 예방하기 위해 다음과 같은 조치를 취하여야 한다.,,,,,,,,,,
C-84-2013,8.,8.2,,(4),(가),,,,용접봉 홀더 및 전선의 손상유무 확인,,,,,,,,,,
C-84-2013,8.,8.2,,(4),(나),,,,접지 및 누전차단기 설치,,,,,,,,,,
C-84-2013,8.,8.2,,(4),(다),,,,용접기에 자동전격방지기 설치,,,,,,,,,,
C-84-2013,8.,8.2,,(4),(라),,,,용접기 및 분전함 등의 충전부에는 보호관 및 보호캡 등의 방호조치 실시,,,,,,,,,,
C-84-2013,8.,8.2,,(5),,,,,"트러스거더 조립 시 하부에는 근로자의 출입을 금지하여야 하며, 조립이 완료된 후에는 부재의 강도를 체크하여야 한다.",,,,,,,,,,
C-84-2013,8.,8.3,,,,,,가설벤트 설치(필요시),,,,,,,,,,,
C-84-2013,8.,8.3,,(1),,,,,가설벤트 설치공사 시에는 사전에 가설벤트 위치의 지반 지내력을 확인하고 부등침하 방지를 위하여 다음과 같은 조치를 하여야 한다.,,,,,,,,,,
C-84-2013,8.,8.3,,(1),(가),,,,버림 콘크리트 타설,,,,,,,,,,
C-84-2013,8.,8.3,,(1),(나),,,,필요시 하부에 H 빔 설치,,,,,,,,,,
C-84-2013,8.,8.3,,(2),,,,,가설벤트는 작업시의 하중을 고려하여 구조검토를 실시하고 조립도를 작성하여 조립도의 순서에 따라 조립하여야 한다.,,,,,,,,,,
C-84-2013,8.,8.3,,(3),,,,,"가설벤트 설치 시 설치 계획서를 작성하여야 하며, 설치 계획서 작성 시 인원, 장비, 자재 반입일정 및 수량 등의 적정성 여부 등이 포함되어야 한다.",,,,,,,,,,
C-84-2013,8.,8.3,,(4),,,,,"가설벤트를 반입하여 현장에 적재 시 전도위험이 없도록 하여야 하며, 2단 이상 적재를 금지하여야 한다.",,,,,,,,,,
C-84-2013,8.,8.3,,(5),,,,,"가설벤트 재료의 이상 유무를 확인하여 균열, 부식, 휨 및 단면 부족 등의 결함이 있는 자재는 사용해서는 아니된다.",,,,,,,,,,
C-84-2013,8.,8.3,,(6),,,,,기초가 경사진 경우에는 가설벤트의 미끄럼 방지조치를 하여야 한다.,,,,,,,,,,
C-84-2013,8.,8.3,,(7),,,,,"최종적으로 가설벤트가 조립, 설치된 경우에는 레벨을 측정 점검하고 볼트의 체결상태 및 위치를 점검하여야 한다.",,,,,,,,,,
C-84-2013,8.,8.3,,(8),,,,,가설벤트 설치 시 근로자들이 안전하게 오르내릴 수 있는 승강설비를 설치하여야 한다.,,,,,,,,,,
C-84-2013,8.,8.3,,(9),,,,,가설벤트 설치 시 근로자의 추락방지를 위해 안전대를 착용후 작업할 수 있도록 사전에 철저히 교육시켜야 한다.,,,,,,,,,,
C-84-2013,8.,8.3,,(10),,,,,가설벤트 설치 시 낙하물에 의한 재해를 방지하기 위해 하부에 근로자의 출입을 통제하여야 한다.,,,,,,,,,,
C-84-2013,8.,8.3,,(11),,,,,"작업시작 전에 작업통로, 안전방망, 안전난간 등 안전시설의 설치상태와 이상유무를 확인하여야 한다.",,,,,,,,,,
C-84-2013,8.,8.3,,(12),,,,,가설벤트 설치 시 신호수와 운전자는 사전에 신호체계에 대하여 필히 확인하고 신호수의 신호에 따라 작업을 진행하여야 한다.,<그림 8>,,,,,,,,,
C-84-2013,8.,8.4,,,,,,트러스거더 설치,,,,,,,,,,,
C-84-2013,8.,8.4,,(1),,,,,"작업 전 인양에 사용될 와이어로프, 샤클, 훅 등의 손상여부를 점검하여야 한다.",,,,,,,,,,
C-84-2013,8.,8.4,,(2),,,,,"교각, 교대, 가설벤트 등에 설치되는 안전난간, 사다리 등의 안전시설은 고정형으로 설치하여야 한다.",,,,,,,,,,
C-84-2013,8.,8.4,,(3),,,,,"조립한 트러스거더 부재를 인양하기 위한 슬링로프는 정해진 위치에 걸고, 각이지거나 날카로운 부분에 슬링로프가 접하는 곳은 완충재를 설치하여 슬링로프가 손상되지 않도록 하여야 한다.",,,,,,,,,,
C-84-2013,8.,8.4,,(4),,,,,"조립된 트러스거더 부재를 도로에서 인양하는 경우에는 차량통제 계획을 수립하고, 이 통제계획에 따라 작업공간에 차량이나 근로자들의 출입을 금지한 후 작업하여야 한다.",,,,,,,,,,
C-84-2013,8.,8.4,,(5),,,,,조립한 트러스거더 부재를 인양할 때 신호수가 트러스거더 위에서 신호하는 것을 금지하여야 한다.,,,,,,,,,,
C-84-2013,8.,8.4,,(6),,,,,트러스거더를 매단 상태에서 결속 상태 및 와이어로프 설치 각도 등의 적정여부를 확인하면서 작업을 진행하여야 한다.,,,,,,,,,,
C-84-2013,8.,8.4,,(7),,,,,트러스거더 거치 및 유도하거나 미세조정 시 유도로프 및 보조기구를 사용하여야 한다.,,,,,,,,,,
C-84-2013,8.,8.4,,(8),,,,,트러스거더 거치 후 반드시 전도방지조치를 하여야 한다.,,,,,,,,,,
C-84-2013,8.,8.4,,(9),,,,,"로프 체결방법은 트러스거더 인양은 4줄 걸이로 하여야 하며, 부속 자재의 경우에는 2줄 걸이로 하여야 한다.",,,,,,,,,,
C-84-2013,8.,8.4,,(10),,,,,"트러스거더 연결작업에 필요한 이동식 달비계는 견고한 구조여야 하며, 작업발판 및 안전난간이 설치되어 있어야 하고, 볼트 등의 부재 낙하방지를 위해 바닥에 합판 등을 이용하여 틈이 발생하지 않도록 설치하여야 한다.",,,,,,,,,,
C-84-2013,8.,8.4,,(11),,,,,"트러스거더 하부의 낙하물 방지망은 지상에서 미리 설치하고, 지상 설치가 불가할 경우 안전대 부착설비를 설치하고 안전대를 사용하는 등의 추락재해 예방조치를 하여야 한다.",,,,,,,,,,
C-84-2013,8.,8.4,,(12),,,,,"트러스거더 상부에는 안전대 걸이시설, 안전난간, 추락방지망 등의 추락재해 예방시설을 설치하여야 한다.",,,,,,,,,,
C-84-2013,8.,8.5,,,,,,고소 작업차 작업(필요시),,,,,,,,,,,
C-84-2013,8.,8.5,,(1),,,,,"사전에 고소 작업차의 종류 및 능력에 적합한 작업계획을 수립하고, 그 작업계획에 따라 작업하여야 한다.",,,,,,,,,,
C-84-2013,8.,8.5,,(2),,,,,작업의 지휘자를 지정하고 작업 지휘자가 작업계획에 따라 지휘하여야 한다.,,,,,,,,,,
C-84-2013,8.,8.5,,(3),,,,,"작업 시작 전에 제동장치, 조작장치 및 작업장치의 기능에 대해 점검을 실시하여야 한다.",,,,,,,,,,
C-84-2013,8.,8.5,,(4),,,,,고소 작업차에 대한 교육은 주기적으로 실시하여야 하며 특히 운전자에게는 실기교육을 실시하여야 한다.,,,,,,,,,,
C-84-2013,8.,8.5,,(5),,,,,고소 작업차는 전도방지를 위해 지반의 부등침하가 없는 견고한 지반위에 설치되어야 한다.,,,,,,,,,,
C-84-2013,8.,8.5,,(6),,,,,고소 작업차의 작업대 이외의 장소에서 조작을 할 경우에는 작업대 위의 근로자와 운전자 사이의 연락을 확실히 하기 위해 일정한 신호를 정하고 이 신호에 따라 작업을 진행하여야 한다.,,,,,,,,,,
C-84-2013,8.,8.5,,(7),,,,,고소 작업차의 승차석 및 작업대 이외에는 근로자의 탑승을 금지하여야 한다.,,,,,,,,,,
C-84-2013,8.,8.5,,(8),,,,,고소 작업차의 적재하중을 초과하여 사용하여서는 아니된다.,,,,,,,,,,
C-84-2013,8.,8.5,,(9),,,,,짐을 매다는 등 고소 작업차의 용도 이외에는 사용을 금하여야 한다.,,,,,,,,,,
C-84-2013,8.,8.5,,(10),,,,,고소 작업차를 주행시킬 경우에는 다음 조치를 취하여야 한다.,,,,,,,,,,
C-84-2013,8.,8.5,,(10),(가),,,,유도자 배치,,,,,,,,,,
C-84-2013,8.,8.5,,(10),(나),,,,신호규정 준수,,,,,,,,,,
C-84-2013,8.,8.5,,(10),(다),,,,작업대의 높이와 붐 길이 등에 맞는 적정의 제한 속도 유지,<그림 9>,,,,,,,,,
C-84-2013,8.,8.6,,,,,,이동식 크레인 작업,,,,,,,,,,,
C-84-2013,8.,8.6,,(1),,,,,"사용하는 장비의 종류 및 성능, 운행경로, 작업방법, 안전점검 사항 등을 확인하고 작업계획서를 작성하여야 한다.",,,,,,,,,,
C-84-2013,8.,8.6,,(2),,,,,트러스거더 인양 시 인양작업계획서에 따라 안전작업절차를 준수하여야 한다.,,,,,,,,,,
C-84-2013,8.,8.6,,(3),,,,,"이동식 크레인 2대로 함께 인양할 때에는 하중의 편중을 고려하여 크레인의 사양 및 설치 위치, 인양 방법 등을 포함한 작업계획서를 작성하여야 한다.",,,,,,,,,,
C-84-2013,8.,8.6,,(4),,,,,"이동식 크레인의 붐 끝단 부착금구 및 도르래, 차체 등의 노후 및 부식상태 등의 이상유무를 확인하여야 한다.",,,,,,,,,,
C-84-2013,8.,8.6,,(5),,,,,"작업시작 전에 과부하방지장치, 권과방지장치 등의 작동여부를 확인하여야 한다.",,,,,,,,,,
C-84-2013,8.,8.6,,(6),,,,,크롤러 크레인의 경우 충분한 지지력이 확보된 견고한 지반위에 설치하여야 한다.,,,,,,,,,,
C-84-2013,8.,8.6,,(7),,,,,트럭 크레인의 경우 아웃트리거는 충분한 지지력이 확보된 견고한 지반위에 받침판을 깔고 설치하여야 한다.,,,,,,,,,,
C-84-2013,8.,8.6,,(8),,,,,"크레인 인양 작업 시 신호수를 배치하고, 운전자와 신호수가 서로 신호를 확인할 수 있는 장소에서 일정한 표준방법을 정하여 신호할 수 있도록 하여야 한다.",,,,,,,,,,
C-84-2013,8.,8.6,,(9),,,,,"크레인의 회전반경내에 안전휀스, 출입금지 표지판 설치 등 관계자 외 출입금지 조치를 취하여야 한다.",,,,,,,,,,
C-84-2013,8.,8.6,,(10),,,,,"이동식 크레인의 정격하중은 설계기준, 장비 매뉴얼과 제원표, 인양능력표 등을 확인하여 정하여야 한다.",,,,,,,,,,
C-84-2013,8.,8.6,,(11),,,,,이동식 크레인에는 운전자 및 근로자들에게 잘 보이는 위치에 정격하중표지를 부착하여야 한다.,,,,,,,,,,
C-84-2013,8.,8.6,,(12),,,,,트러스거더 적재 시 슬링(Sling)로프나 훅(Hook)이 부재 틈에 걸리지 않도록 받침목의 위치와 높이를 선정하여야 한다.,,,,,,,,,,
C-84-2013,8.,8.6,,(13),,,,,"트러스거더 하역 시 받침불량, 편심 등에 의한 유동이 있을 수 있으므로 인양물 하역 전 일단정지 후 인양물 받침상태 등을 확인하여야 한다.",,,,,,,,,,
C-84-2013,8.,8.6,,(14),,,,,트러스거더 인양 시 이동식 크레인 지브의 경사각도를 고려한 최대허용하중을 준수하여야 한다.,,,,,,,,,,
C-84-2013,8.,8.6,,(15),,,,,인양작업 시 크레인의 전도방지를 위하여 아웃트리거 설치상태를 점검하여야 한다.,,,,,,,,,,
C-84-2013,8.,8.6,,(16),,,,,"이동식 크레인의 후진 작업 시에는 유도자에 의해 작업해야 하며, 유도자는 운전자가 인식이 가능한 장소에서 유도하여야 한다.",,,,,,,,,,
C-84-2013,8.,8.6,,(17),,,,,다음의 어느 하나에 해당하는 악천 후 시에는 작업을 중지하여야 한다.,,,,,,,,,,
C-84-2013,8.,8.6,,(17),(가),,,,풍속이 초당 10미터 이상의 경우,,,,,,,,,,
C-84-2013,8.,8.6,,(17),(나),,,,강우량이 시간당 1밀리미터 이상인 경우,,,,,,,,,,
C-84-2013,8.,8.6,,(17),(다),,,,강설량이 시간당 1센티미터 이상인 경우,,,,,,,,,,
C-84-2013,8.,8.6,,(18),,,,,크레인 운전자는 다음의 안전수칙을 준수하여야 한다.,,,,,,,,,,
C-84-2013,8.,8.6,,(18),(가),,,,크레인 사용은 지정된 운전원이 하여야 한다.,,,,,,,,,,
C-84-2013,8.,8.6,,(18),(나),,,,크레인 운전원의 개인보호구 및 장비는 무선조종기 조작장치와 간섭되지 않도록 유의하여야 한다.,,,,,,,,,,
C-84-2013,8.,8.6,,(18),(다),,,,크레인의 안전장치를 임의로 제거 또는 변경해서는 안된다.,,,,,,,,,,
C-84-2013,8.,8.6,,(18),(라),,,,"크레인 사용시 급운전, 급정지, 급강하, 급상승을 하여서는 아니된다.",,,,,,,,,,
C-84-2013,8.,8.6,,(18),(마),,,,크레인의 정격 인양하중을 준수한다.,<그림 10>,,,,,,,,,
C-84-2013,8.,8.6,,(19),,,,,이동식 크레인의 신호방법은 크레인 작업표준 신호지침 및 KOSHA GUIDE C-48-2012(건설기계 안전보건작업지침)을 따른다.,,,,,,,,,,
C-84-2013,8.,8.6,,(20),,,,,줄걸이 용구의 안전 유의사항은 운반하역 표준안전 작업지침 및 KOSHA GUIDE C-48-2012(건설기계 안전보건작업 지침)을 따른다.,,,,,,,,,,
C-84-2013,9.,,,,,,,슬래브 시공시 안전작업,,,,,,,,,,,
C-84-2013,9.,9.1,,,,,,거푸집 설치,,,,,,,,,,,
C-84-2013,9.,9.1,,(1),,,,,슬래브 거푸집은 시공 전 현장여건을 감안하여 구조 검토를 면밀히 한 후 시공하여야 한다.,,,,,,,,,,
C-84-2013,9.,9.1,,(2),,,,,슬래브 거푸집은 슬래브에 콘크리트 타설에 따른 장비 및 인원 등을 고려하여 충분한 지지가 될 수 있도록 하여야 한다.,,,,,,,,,,
C-84-2013,9.,9.1,,(4),,,,,슬래브 타설전 교량받침 고정을 철저히 하여 콘크리트 타설시 교량 받침 위치가 변경되지 않도록 하고 교량받침의 임시 잠금장치는 슬래브 타설 후 제거토록 한다.,,,,,,,,,,
C-84-2013,9.,9.1,,(5),,,,,슬래브가 곡선구간으로 편구배가 있을 경우에는 쏠림현상이 발생될 수 있으므로 횡버팀목을 설치하여야 한다.,,,,,,,,,,
C-84-2013,9.,9.1,,(9),,,,,차량 통행구간에는 슬래브 하부에 낙하물 방호선반을 설치하여야 한다.,,,,,,,,,,
C-84-2013,9.,9.1,,(10),,,,,슬래브의 양쪽에는 안전난간 설치기준에 따라 안전난간 등 추락방지시설을 하여야 한다.,,,,,,,,,,
C-84-2013,9.,9.2,,,,,,철근 배근 및 조립,,,,,,,,,,,
C-84-2013,9.,9.2,,(1),,,,,철근작업 중 철근전도에 따른 전도방지조치(버팀대(줄) 설치)를 하여야 한다.,,,,,,,,,,
C-84-2013,9.,9.2,,(2),,,,,"철근에 찔리거나 손상에 주의하고 노출된 철근 및 강선에는 보호캡을 씌우고 위험표시를 하며, 운반시 전도, 비래가 일어나지 않도록 주의하여야 한다.",,,,,,,,,,
C-84-2013,9.,9.2,,(3),,,,,근로자들이 철근 조립작업중 바닥 철근에 걸려 전도할 우려가 있어 조립된 철근 상부에 안전한 통로를 설치하여야 한다.,,,,,,,,,,
C-84-2013,9.,9.2,,(4),,,,,"가공 철근 인양작업시 낙하물이 발생하지 않도록 2줄 걸이로 하며, 달줄·달포대 또는 인양박스를 사용하여야 한다.",,,,,,,,,,
C-84-2013,9.,9.3,,,,,,콘크리트 타설,,,,,,,,,,,
C-84-2013,9.,9.3,,(1),,,,,"높은 장소에서 콘크리트 타설시 불완전한 행동 등으로 추락의 위험이 있으므로 안전난간을 설치하고, 안전모, 안전대 등의 보호구를 항상 착용한 후 작업하여야 한다.",,,,,,,,,,
C-84-2013,9.,9.3,,(3),,,,,콘크리트 타설시 레미콘 차량의 안전 및 교통통제를 위해 차량 통제요원을 고정 배치하여야 한다.,,,,,,,,,,
C-84-2013,9.,9.3,,(4),,,,,"콘크리트 타설방법 및 순서를 준수하여야 하고, 거푸집 전체가 기울어지거나 변형되어 붕괴되지 않도록 콘크리트를 한곳에 편중 타설하여서는 안된다.",,,,,,,,,,
C-84-2013,9.,9.3,,(5),,,,,콘크리트 펌프카를 이용하여 콘크리트를 타설 시 전도방지를 위해 다음과 같은 조치를 취하여야 한다.,,,,,,,,,,
C-84-2013,9.,9.3,,(5),(가),,,,필요시 지반다짐 실시,,,,,,,,,,
C-84-2013,9.,9.3,,(5),(나),,,,충분한 접지면적 확보를 위해 지면에 철판 설치,,,,,,,,,,
C-84-2013,9.,9.3,,(5),(다),,,,하부 고임목 설치,,,,,,,,,,
C-84-2013,9.,9.3,,(6),,,,,콘크리트 펌프카를 이용하여 콘크리트를 타설시 타설 위치 및 붐대의 적정 각도를 사전에 검토하여야 한다.,,,,,,,,,,
C-84-2013,9.,9.3,,(7),,,,,"콘크리트 펌프카를 이용하여 콘크리트를 타설시 배관단부에 부착된 호스를 직접 잡고 움직여서는 안되며, 이동을 위한 안내줄(Guy rope)을 사용하여야 한다.",,,,,,,,,,
C-84-2013,9.,9.3,,(8),,,,,콘크리트 타설 및 다짐 시 진동다짐기(Vibrator)가 거푸집 및 철근에 직접 닿지않도록 주의하여야 한다.,,,,,,,,,,
C-84-2013,9.,9.3,,(9),,,,,"진동다짐기의 감전방지를 위해 접지 및 누전차단기가 설치된 분전반의 전원을 사용하고, 작업전선도 피복손상 유무를 확인하며, 사용후에는 분해해서 깨끗하게 청소하여야 한다.",,,,,,,,,,
C-84-2013,9.,9.4,,,,,,거푸집 해체,,,,,,,,,,,
C-84-2013,9.,9.4,,(1),,,,,거푸집의 해체는 원칙적으로 설치의 역순으로 순차적으로 실시하여야 한다.,,,,,,,,,,
C-84-2013,9.,9.4,,(2),,,,,거푸집 해체 작업장 주위에는 관계자외 근로자의 출입을 금지하여야 한다.,,,,,,,,,,
C-84-2013,9.,9.4,,(3),,,,,"강풍, 폭우, 폭설 등 악천 후 시에는 해체작업을 중지하여야 한다.",,,,,,,,,,
C-84-2013,9.,9.4,,(4),,,,,해체된 거푸집 기타 각목 등을 올리거나 내릴 때에는 달줄 또는 달포대 등을 사용하여야 한다.,,,,,,,,,,
C-84-2013,9.,9.4,,(5),,,,,"해체된 거푸집 또는 각목 등에 박혀 있는 못 또는 날카로운 돌출물은 즉시 제거하여야 하고, 재사용 가능한 것과 보수하여야 할 것들을 선별, 분리하여 적치하고 정리정돈을 하여야 한다.",,,,,,,,,,
C-84-2013,9.,9.4,,(6),,,,,고소에서 해체작업을 할 때에는 반드시 안전대를 착용하여야 한다.,,,,,,,,,,
C-84-2013,9.,9.4,,(7),,,,,가능한 상·하에서 동시 작업이 되지 않도록 주의하여야 한다.,,,,,,,,,,
C-61-2012,4.,,,,,,,작업계획 수립 시 검토사항,,,,,,,,,,,
C-61-2012,4.,,,(1),,,,,"공사현장의 제반 여건과 터널 형상을 파악한 후 가시설물 설치계획, 수직터널 및 수평 보조 터널 등 세부작업 단계별 안전작업 방법과 순서, 장비에 대한 안전조치 사항 등이 포함된 작업계획을 수립하여야 한다.",,,,,,,,,,
C-61-2012,4.,,,(2),,,,,작업계획서는 본 공법에 풍부한 경험과 지식을 갖춘 자가 수립하여야 하며 공사 중 계획서의 내용이 제대로 이행되는지의 여부를 수시로 확인할 수 있도록 하여야 한다.,,,,,,,,,,
C-61-2012,4.,,,(3),,,,,공사 위치에 대한 지질조사 및 주변 지장물 조사를 실시하고 공사에 필요한 가설전기 설치위치 선정 등의 사항에 대한 사전 검토를 철저히 하여야 한다.,,,,,,,,,,
C-61-2012,4.,,,(4),,,,,"Shield-T.B.M 장비는 전문 시공업체의 주기적인 검사를 실시하여야 하며 작업대차 이동 중 충돌사고 예방을 위한 대피장소 지정 및 장비 사용으로 인한 매연, 분진 발생에 따른 환기설비 설치 등 근로자 건강보호대책을 수립 후 시행하여야 한다.",,,,,,,,,,
C-61-2012,4.,,,(5),,,,,"장비 반입·반출 등 크레인을 사용하여 조립, 해체 공정을 진행할 때에는 작업방법 및 순서 등이 포함된 중량물 취급 작업계획을 수립하여야 한다.",,,,,,,,,,
C-61-2012,5.,,,,,,,공사 단계별 안전작업 사항,,,,,,,,,,,
C-61-2012,5.,5.1,,,,,,가설공사 안전작업,,,,,,,,,,,
C-61-2012,5.,5.1,,(1),,,,,가설공사 시 작업절차 및 순서는 <그림 1>과 같다.,<그림 1>,,,,,,,,,
C-61-2012,5.,5.1,,(2),,,,,지질 및 지층에 관한 조사를 실시하고 다음 사항을 확인하여 시공계획에 반영하여야 한다.,,,,,,,,,,
C-61-2012,5.,5.1,,(2),(가),,,,시추(보링) 위치,,,,,,,,,,
C-61-2012,5.,5.1,,(2),(나),,,,토층 분포 상태,,,,,,,,,,
C-61-2012,5.,5.1,,(2),(다),,,,투수계수,,,,,,,,,,
C-61-2012,5.,5.1,,(2),(라),,,,지하수위,,,,,,,,,,
C-61-2012,5.,5.1,,(2),(마),,,,지반의 지지력 등,,,,,,,,,,
C-61-2012,5.,5.1,,(3),,,,,"공사 전 작업구간 내에 기 설치되어 있는 상수도 및 하수관로, 송유관, 통신 및 전력 케이블, 도시 가스관, 지하갱도 등의 지하 지장물의 종류, 심도 및 크기를 파악하여 안전한 시공이 가능하도록 조치하여야 한다.",,,,,,,,,,
C-61-2012,5.,5.1,,(4),,,,,가설도로 개설 및 가시설물 설치 시 조치사항은 다음과 같다.,,,,,,,,,,
C-61-2012,5.,5.1,,(4),(가),,,,절·성토 공사 시 굴착면 기울기 준수,,,,,,,,,,
C-61-2012,5.,5.1,,(4),(나),,,,"토공장비, 다짐장비 및 덤프트럭 등의 작업 시 신호수 배치",,,,,,,,,,
C-61-2012,5.,5.1,,(4),(다),,,,"수전 설비에 대한 접근성, 주변 조건, 접지, 전선방호, 위험지역 구획 및 격리 등",,,,,,,,,,
C-61-2012,5.,5.2,,,,,,굴착공사 안전작업,,,,,,,,,,,
C-61-2012,5.,5.2,,(1),,,,,굴착공사 시 작업절차 및 순서는 <그림 2>와 같다.,<그림 2>,,,,,,,,,
C-61-2012,5.,5.2,,(2),,,,,"작업준비 시 건설기계 투입, 자재 반입을 위한 조치사항은 다음과 같다.",,,,,,,,,,
C-61-2012,5.,5.2,,(2),(가),,,,세그먼트 블록 투입과 버력 반출용 양중장비 설치 및 작업계획 작성,,,,,,,,,,
C-61-2012,5.,5.2,,(2),(가),①,,,1개 수직구에 2개의 인양장비 설치 여부 검토,,,,,,,,,,
C-61-2012,5.,5.2,,(2),(가),②,,,"장비형식, 설치위치, 용량, 장비 간 간섭여부 확인 등",,,,,,,,,,
C-61-2012,5.,5.2,,(2),(가),③,,,"부재 중량 및 조립작업용 장비, 기자재, 작업순서 및 방법 결정 등",,,,,,,,,,
C-61-2012,5.,5.2,,(2),(나),,,,"건설기계 반입 전 작업방법, 작업내용에 따른 용량 형식 결정",,,,,,,,,,
C-61-2012,5.,5.2,,(2),(다),,,,"건설기계 반입 및 작업 시 지반침하방지 조치, 동선 확보 등",,,,,,,,,,
C-61-2012,5.,5.2,,(3),,,,,수직구 굴착,,,,,,,,,,
C-61-2012,5.,5.2,,(3),(가),,,,수직구 굴착공사 시 다음 사항이 포함된 작업계획을 작성하여야 한다.,,,,,,,,,,
C-61-2012,5.,5.2,,(3),(가),①,,,세부공정표,,,,,,,,,,
C-61-2012,5.,5.2,,(3),(가),②,,,지반깊이별 굴착방법,,,,,,,,,,
C-61-2012,5.,5.2,,(3),(가),③,,,단계별 벽체 시공방법,,,,,,,,,,
C-61-2012,5.,5.2,,(3),(가),④,,,"사용장비, 굴착토사 인양, 적재, 운반, 사토 방법 등",,,,,,,,,,
C-61-2012,5.,5.2,,(3),(나),,,,H-Pile 시공을 위한 항타기의 전도방지를 위해 작업하중에 적합한 지반의 평편성과 지내력을 확보하여야 한다.,,,,,,,,,,
C-61-2012,5.,5.2,,(3),(다),,,,수직구 굴착단부에는 추락 및 낙하물방지를 위한 안전난간 및 발끝막이판을 설치하여야 한다.,,,,,,,,,,
C-61-2012,5.,5.2,,(3),(라),,,,"굴착토사 인양 중 낙하재해 예방을 위하여 인양 버킷은 정량 적재 후 20 % 이상의 여유높이가 갖게 하거나, 덮개를 설치하고 하부에는 작업자 대피소를 확보하여야 한다.",,,,,,,,,,
C-61-2012,5.,5.2,,(3),(마),,,,굴착지면에 투입되는 굴삭기의 운전석은 낙하물에 대비한 헤드가드를 설치하여야 한다.,,,,,,,,,,
C-61-2012,5.,5.2,,(3),(바),,,,흙막이지보공에 대한 계측을 실시하여야 한다.,,,,,,,,,,
C-61-2012,5.,5.2,,(3),(사),,,,지면에서 굴착작업장소까지는 계단구조의 승강통로를 설치하여야 한다.,,,,,,,,,,
C-61-2012,5.,5.2,,(3),(아),,,,굴착작업 진행 중 용수량에 적합한 배수시설을 확보하여야 한다.,,,,,,,,,,
C-61-2012,5.,5.2,,(3),(자),,,,발파작업 시 발파면이 습윤포화 상태의 경우 비전기식 뇌관을 사용하여야 하며 기타사항은 KOSHA GUIDE C-46-2012(발파공사 안전보건작업 지침)에 따른다.,,,,,,,,,,
C-61-2012,5.,5.2,,(3),(차),,,,"전, 후방 보조터널은 통상 NATM공법에 의한 수평터널로 시공되므로 KOSHA GUIDE C-45-2012 터널공사(NATM공법) 안전보건작업 지침에 따른다.",,,,,,,,,,
C-61-2012,5.,5.3,,,,,,굴진공사 안전작업,,,,,,,,,,,
C-61-2012,5.,5.3,,(1),,,,,굴진공사 시 작업절차 및 순서는 <그림 3>과 같다.,<그림 3>,,,,,,,,,
C-61-2012,5.,5.3,,(2),,,,,발진 준비 작업,,,,,,,,,,
C-61-2012,5.,5.3,,(2),(가),,,,보조터널에서의 장비조립을 위해서는 다음의 내용이 포함된 작업계획을 수립하여야 한다.,,,,,,,,,,
C-61-2012,5.,5.3,,(2),(가),①,,,장비거치 및 굴진용 레일 설치 계획,,,,,,,,,,
C-61-2012,5.,5.3,,(2),(가),②,,,부재 투입순서 및 부재별 중량표 작성,,,,,,,,,,
C-61-2012,5.,5.3,,(2),(가),③,,,수직구 투입 인양장비(인양단위 최고중량 기준) 선정 및 보조기구 사용계획,,,,,,,,,,
C-61-2012,5.,5.3,,(2),(가),④,,,조립순서 및 방법,,,,,,,,,,
C-61-2012,5.,5.3,,(2),(가),⑤,,,조립작업용 발판 등 가시설 설치계획,,,,,,,,,,
C-61-2012,5.,5.3,,(2),(가),⑥,,,시운전 전·후 안전점검사항 등,,,,,,,,,,
C-61-2012,5.,5.3,,(2),(나),,,,수직구에는 근로자의 안전한 출입을 위해 가설통로를 설치하여야 한다. 또한 건설용 리프트를 설치 할 경우에는 사용 전 완성검사를 실시하고 하부의 건수(乾水)를 고려하여 바닥에서 일정높이를 이격하여 탑승구를 설치하여야 한다.,,,,,,,,,,
C-61-2012,5.,5.3,,(3),,,,,장비추진,,,,,,,,,,
C-61-2012,5.,5.3,,(3),(가),,,,"장비성능과 지반상태에 따른 굴진속도 기준을 설정하여 굴진하여야 하며, 지반상태는 막장관찰과 버력상태로 확인하여야 한다.",,,,,,,,,,
C-61-2012,5.,5.3,,(3),(나),,,,터널 내·외부 연락을 위한 통신시설을 갖추어야 한다.,,,,,,,,,,
C-61-2012,5.,5.3,,(3),(다),,,,작업 중 정전 및 비상사태에 대비하여 비상조명 설비를 설치하여야 한다.,,,,,,,,,,
C-61-2012,5.,5.3,,(3),(라),,,,굴진장비는 1회/일 점검표를 이용하여 점검하되 검검표에는 아래의 사항이 포함되어야 한다.,,,,,,,,,,
C-61-2012,5.,5.3,,(3),(라),①,,,살수 및 유압설비 연결부 누수·누유 여부,,,,,,,,,,
C-61-2012,5.,5.3,,(3),(라),②,,,기계 회전부의 마모 및 소음 상태,,,,,,,,,,
C-61-2012,5.,5.3,,(3),(라),③,,,"설비 연결부(볼트, 용접)의 이완여부",,,,,,,,,,
C-61-2012,5.,5.3,,(3),(라),④,,,운전실 계기 작동상태,,,,,,,,,,
C-61-2012,5.,5.3,,(3),(라),⑤,,,벨트컨베이어 롤러 및 벨트상태,,,,,,,,,,
C-61-2012,5.,5.3,,(3),(라),⑥,,,경암 천공 및 굴진 작업 중 진동 및 소음 상태,,,,,,,,,,
C-61-2012,5.,5.3,,(3),(마),,,,암판정 및 설계에 의한 무지보구간 이외에는 세그먼트가 조립되지 않은 상태로의 굴진은 금지하여야 한다.,,,,,,,,,,
C-61-2012,5.,5.3,,(3),(바),,,,커터헤드부 회전판의 비트(Bit) 교체를 위해 막장면 진입 시에는 다음과 같은 안전조치를 실시하여야 한다.,,,,,,,,,,
C-61-2012,5.,5.3,,(3),(바),①,,,비트교체는 수명도달 전 안정지반에서 조기 교체,,,,,,,,,,
C-61-2012,5.,5.3,,(3),(바),②,,,진입 전 반드시 낙석 또는 붕락위험 여부 확인,,,,,,,,,,
C-61-2012,5.,5.3,,(3),(바),③,,,이상발견 시 안전한 위치로 추가 굴진,,,,,,,,,,
C-61-2012,5.,5.3,,(3),(바),④,,,막장과 커터헤드 이격 최소화,,,,,,,,,,
C-61-2012,5.,5.3,,(3),(바),⑤,,,부득이 한 경우 막장부 보강조치 후 진입 및 내부에 감시자 비상대기,,,,,,,,,,
C-61-2012,5.,5.3,,(3),(사),,,,"터널내부 환기·조명·배수시설은 KOSHA GUIDE C-45-2012 터널공사(NATM 공법) 안전보건작업 지침을 따르되, 벨트컨베이어에서 버력낙하 시 분진비산방지를 위해 살수 및 집진설비를 갖추어야 한다.",,,,,,,,,,
C-61-2012,5.,5.3,,(4),,,,,버력처리,,,,,,,,,,
C-61-2012,5.,5.3,,(4),(가),,,,광차의 견인차는 축전 전동식을 원칙으로 하며 장비정지에 따른 예비견인 설비를 확보하여야 한다.,,,,,,,,,,
C-61-2012,5.,5.3,,(4),(나),,,,"광차에는 비상정지장치, 경광등을 설치하고 근로자 탑승석에는 이탈방지 설비를 설치하여야 한다.",,,,,,,,,,
C-61-2012,5.,5.3,,(4),(다),,,,광차의 운전속도는 10 km/h 로 제한하여야 한다.,,,,,,,,,,
C-61-2012,5.,5.3,,(4),(라),,,,광차의 운행공간과 근로자 이동통로는 반드시 분리·설치하여야 한다.,,,,,,,,,,
C-61-2012,5.,5.3,,(4),(마),,,,광차는 다음 사항을 포함하여 1회/일 이상 점검을 통해 정상상태를 유지하여야 한다.,,,,,,,,,,
C-61-2012,5.,5.3,,(4),(마),①,,,브레이크 및 비상정지 장치 작동상태,,,,,,,,,,
C-61-2012,5.,5.3,,(4),(마),②,,,조명 및 경광등 상태,,,,,,,,,,
C-61-2012,5.,5.3,,(4),(마),③,,,차량간 연결부 및 바퀴 이상유무,,,,,,,,,,
C-61-2012,5.,5.3,,(4),(바),,,,"수직구에서 버력반출을 위한 크레인작업은 KOSHA GUIDE M-85-2011(크레인 달기기구 및 줄걸이 작업에 관한 기술지침)에 따르며, 상․하연락은 유·무선 수신기를 이용하고 인양작업 시 하부작업자는 대피장소에 대피하여야 한다.",,,,,,,,,,
C-61-2012,5.,5.3,,(5),,,,,세그먼트 블록 운반 및 조립작업,,,,,,,,,,
C-61-2012,5.,5.3,,(5),(가),,,,세그먼트 블록을 수직구로 반입하기 위한 크레인작업은 5.3항 (4)호의 (바)에 따른다.,,,,,,,,,,
C-61-2012,5.,5.3,,(5),(나),,,,광차 등 운반설비에 세그먼트 블록 적재 및 운반 시에는 이탈방지를 위해 고임목 등의 고정기구를 사용하여 견고히 고정하여야 한다.,,,,,,,,,,
C-61-2012,5.,5.3,,(5),(다),,,,운반설비에서 후방설비로 세그먼트 블록을 하역 시에는 전용 기계설비를 사용하되 작업자는 세그먼트 블록의 운반경로 이외의 장소에서 작업하여야 한다.,,,,,,,,,,
C-61-2012,5.,5.3,,(5),(라),,,,세그먼트 블럭의 조립은 원격조정이 가능한 이렉터로 작업하되 이렉터 및 세그먼트 블록 운반구역에는 근로자 진입을 통제하기 위한 설비와 비상정지장치를 갖추어야 한다.,,,,,,,,,,
C-61-2012,5.,5.4,,,,,,마감공사 안전작업,,,,,,,,,,,
C-61-2012,5.,5.4,,(1),,,,,마감공사 시 작업절차 및 순서는 <그림 4>와 같다.,<그림 4>,,,,,,,,,
C-61-2012,5.,5.4,,(2),,,,,기계해체 및 반출 시에는 다음의 내용이 포함된 작업계획을 수립하여야 한다.,,,,,,,,,,
C-61-2012,5.,5.4,,(2),(가),,,,"안전작업 방법, 해체순서 및 투입인력",,,,,,,,,,
C-61-2012,5.,5.4,,(2),(나),,,,해체작업에 따른 수직구 투입 인양장비(인양단위 최고중량 기준) 선정 및 보조기구 사용계획,,,,,,,,,,
C-61-2012,5.,5.4,,(2),(다),,,,이동식 전기기계·기구 사용에 따른 감전재해예방 계획,,,,,,,,,,
C-61-2012,5.,5.4,,(2),(라),,,,해체작업용 발판 등 가시설 설치계획 등,,,,,,,,,,
C-61-2012,5.,5.4,,(3),,,,,"마감작업을 위해 사용하는 작업대는 추락재해예방을 위한 안전시설(승강설비, 안전난간, 안전대 부착설비 등)을 확보하여야 한다.",,,,,,,,,,
C-61-2012,5.,5.4,,(4),,,,,"마감공사를 위해 유기용제 등을 사용 할 경우에는 환기시설을 설치해야 하며 가스농도측정기를 사용하여 수시로 점검하고, 유해화학물질이 함유된 물질을 취급하는 경우에는 화학물질의 명칭·성분, 함유량, 안전·보건상의 취급주의 사항 등이 포함된 물질안전보건자료(MSDS)를 작성하여 취급근로자가 쉽게 볼 수 있는 장소에 게시 또는 비치하여야 한다.",,,,,,,,,,
C-61-2012,5.,5.4,,(5),,,,,그 밖의 부대시설 및 마감공사는 KOSHA GUIDE C-43-2012(콘크리트공사 안전보건작업 지침) 및 KOSHA GUIDE E-106-2011(건설현장의 전기설비 설치 및 관리에 관한 기술지침)에 따른다.,,,,,,,,,,
C-22-2011,4.,,,,,,,작업계획 수립 시 검토사항,,,,,,,,,,,
C-22-2011,4.,,,(1),,,,,공사현장의 제반여건과 설계도서에서 정하고 있는 작업단계별 작업방법이 부합하고 공사용 장비 사용상의 문제가 없는지 검토한 후 구체적인 작업계획을 수립하여 감독관청의 승인을 받아야 한다.,,,,,,,,,,
C-22-2011,4.,,,(2),,,,,"작업계획서는 사장교 작업에 풍부한 경험과 지식을 갖춘 사람이 수립하여야 하며, 공사중에는 계획서의 내용이 제대로 이행되는지의 여부를 정기적으로 확인할 수 있도록 하여야 한다.",,,,,,,,,,
C-22-2011,4.,,,(3),,,,,본 공법에 사용되는 장비 및 가설 구조물 등은 반입해서 사용하기 전에 전문가가 구조적 안전성 및 부재의 결함·손상 여부를 확인하여야 한다.,,,,,,,,,,
C-22-2011,4.,,,(4),,,,,"이동식 거푸집의 설치, 이동, 해체작업 단계별 작업방법과 순서, 안전작업 매뉴얼, 근로자와 장비에 대한 안전조치 사항 등이 포함된 작업계획을 수립하여야 한다.",,,,,,,,,,
C-22-2011,4.,,,(5),,,,,장비의 반입·반출 등 크레인을 사용하여 조립 및 해체작업을 하는 경우에는 작업방법 및 순서 등이 포함된 중량물 취급 작업계획을 수립하고 이를 당해 근로자에게 주지시켜야 한다.,,,,,,,,,,
C-22-2011,5.,,,,,,,주탑 안전작업,시공 흐름도는 <그림 4>와 같다.,<그림 4>,,,,,,,,,
C-22-2011,5.,5.1,,,,,,공통적인 안전조치사항,,,,,,,,,,,
C-22-2011,5.,5.1,,(1),,,,,작업시작 전에 관리감독자를 지정하여 작업을 지휘하도록 하여야 한다.,,,,,,,,,,
C-22-2011,5.,5.1,,(2),,,,,관리감독자는 당해 작업의 위험요인과 이에 대한 안전수칙을 근로자에게 주지시키고 이행여부를 확인하여야 한다.,,,,,,,,,,
C-22-2011,5.,5.1,,(3),,,,,"작업장 내 고압 송전선로, 전기·통신케이블 등 장해물 현황을 사전에 조사하여 이설하거나 방호시설을 갖추는 등의 안전조치를 하여야 한다.",,,,,,,,,,
C-22-2011,5.,5.1,,(4),,,,,"안전모, 안전대 등 근로자의 개인보호구를 점검하고 작업 전에 보호구의 착용방법에 대한 교육을 실시한 다음 작업 중에 착용여부 및 상태를 확인하여야 한다.",,,,,,,,,,
C-22-2011,5.,5.1,,(5),,,,,근로자의 건강상태를 작업 전에 확인하여 작업배치 적정여부를 결정하여야 한다.,,,,,,,,,,
C-22-2011,5.,5.1,,(6),,,,,위험기계·기구의 방호장치를 점검하고 이상이 있는 경우에는 정상적인 제품으로 교체한다.,,,,,,,,,,
C-22-2011,5.,5.1,,(7),,,,,"주탑 거푸집에 사용되는 부재의 재질 및 용접상태, 볼트 등의 이상유무를 확인하여야 한다.",,,,,,,,,,
C-22-2011,5.,5.1,,(8),,,,,작업장 내 공구 및 자재를 정리․정돈하여 낙하·비래 등의 재해를 예방하여야 한다.,,,,,,,,,,
C-22-2011,5.,5.1,,(9),,,,,중량부재를 크레인으로 인양할 경우에는 부재에 인양용 러그(Lug)를 설치하여야 한다.,,,,,,,,,,
C-22-2011,5.,5.1,,(10),,,,,이동식 거푸집의 각 부재를 크레인으로 인양할 때에는 인양용 와이어로프를 부재의 2지점 이상에 결속하고 별도의 유도 로프를 설치하여 안전하게 유도하여야 한다.,,,,,,,,,,
C-22-2011,5.,5.1,,(11),,,,,강풍·강우 등 악천후 시에는 작업을 중지하여야 한다.,,,,,,,,,,
C-22-2011,5.,5.2,,,,,,이동식 거푸집 설치 시 안전작업,,,,,,,,,,,
C-22-2011,5.,5.2,,(1),,,,,"이동식 거푸집은 정해진 작업순서에 따라 설치하여야 하며, 도면에 의거하여 정확하고 견고하게 시공되어야 한다.",,,,,,,,,,
C-22-2011,5.,5.2,,(2),,,,,"각 작업발판은 부식, 변형이 없는 재료를 사용하여야 하며, 높이 차이가 생기기 않게 설치하고 견고하게 시공되어야 한다.",,,,,,,,,,
C-22-2011,5.,5.2,,(3),,,,,각 작업발판 단부에 추락방지를 위해 설치되는 안전난간은 상부에서 발생할 수 있는 충격에 충분히 견딜 수 있도록 설치하여야 한다.,,,,,,,,,,
C-22-2011,5.,5.2,,(4),,,,,각 작업발판 안전난간 하부에 발끝막이판(Toe board)을 설치하여 낙하물이 생기지 않도록 하여야 한다.,,,,,,,,,,
C-22-2011,5.,5.2,,(5),,,,,이동식 거푸집 부재 조립 시 볼트체결 상태를 필히 확인하여야 한다.,,,,,,,,,,
C-22-2011,5.,5.2,,(6),,,,,이동식 거푸집을 고정하고 지지하는 앵커(Anchor)와 클라이밍 슈(Climbing shoe)가 정확한 위치에 견고하게 설치되었는지를 반드시 확인하여야 한다.,,,,,,,,,,
C-22-2011,5.,5.2,,(7),,,,,작업대 간 이동할 수 있는 견고한 계단 및 이동통로를 확보하여야 한다.,,,,,,,,,,
C-22-2011,5.,5.2,,(8),,,,,철근 조립작업 시 근로자 진출입이 원활하도록 작업통로를 확보하여야 한다.,,,,,,,,,,
C-22-2011,5.,5.2,,(9),,,,,하부 작업발판 케이지(Cage) 후면에는 수직보호망을 설치하여야 한다.,,,,,,,,,,
C-22-2011,5.,5.2,,(10),,,,,하부 작업발판 케이지 코너부분은 탈형 시 발판 간의 간섭이 없도록 완벽하게 마무리되어 있어야 한다.,,,,,,,,,,
C-22-2011,5.,5.2,,(11),,,,,각 작업발판에는 화재예방 조치를 위하여 소화기를 비치하여야 한다.,,,,,,,,,,
C-22-2011,5.,5.2,,(12),,,,,각 작업발판 위에는 철근 등 자재를 적치하지 않도록 한다.,,,,,,,,,,
C-22-2011,5.,5.2,,(13),,,,,현장 용접부에는 부식방지를 위하여 방청페인트를 칠하여야 한다.,,,,,,,,,,
C-22-2011,5.,5.2,,(14),,,,,불량자재를 사용하여서는 안된다.,,,,,,,,,,
C-22-2011,5.,5.2,,(15),,,,,이동식 거푸집 설치 시 주탑의 정밀 시공을 위해 외부 거푸집 최상단에 2개소의 측량 기준점을 두어 레벨(Level)과 광파기를 이용하여 매 LOT 마다 측량을 실시하여야 한다.,,,,,,,,,,
C-22-2011,5.,5.2,,(16),,,,,이동식 거푸집 인양순서는 <그림 5>와 같다.,<그림 5>,,,,,,,,,
C-22-2011,5.,5.3,,,,,,"철근작업, 콘크리트 타설 및 양생 시 안전작업",,,,,,,,,,,
C-22-2011,5.,5.3,,(1),,,,,"철근에 찔리거나 손상에 주의하고, 운반 시 전도, 비래가 일어나지 않도록 주의하여야 한다.",,,,,,,,,,
C-22-2011,5.,5.3,,(2),,,,,"가공 철근 인양작업 시 낙하물이 발생하지 않도록 2줄 걸이로 하며, 달줄, 달포대를 사용하여야 한다.",,,,,,,,,,
C-22-2011,5.,5.3,,(3),,,,,콘크리트 타설방법 및 순서를 준수하여야 한다.,,,,,,,,,,
C-22-2011,5.,5.3,,(4),,,,,콘크리트 양중 시 상·하부에 신호수를 배치하여야 한다.,,,,,,,,,,
C-22-2011,5.,5.3,,(5),,,,,"버켓(Bucket)를 이용하여 콘크리트 양중 시 잔재물의 낙하방지를 위해 주의하여야 하며, 작업반경내 타 공종 작업자의 출입을 금지시켜야 한다.",,,,,,,,,,
C-22-2011,5.,5.3,,(6),,,,,"콘크리트는 타설 후 습윤양생을 하며, 양생 후 접합면을 거칠게 처리하고, 고압 공기로 접합면의 이물질을 완전히 제거한 후 신 콘크리트를 타설하여야 한다.",,,,,,,,,,
C-22-2011,5.,5.3,,(7),,,,,"콘크리트 타설시 타설면 위에 노출된 이음철근에 콘크리트 페이스트가 묻지 않도록 하며, 진동다짐기(Vibrator)가 거푸집 및 철근에 직접 닿지 않도록 주의하여 타설하여야 한다.",,,,,,,,,,
C-22-2011,5.,5.3,,(8),,,,,"진동다짐기의 감전방지를 위해 접지 및 누전차단기가 설치된 분전반의 전원을 사용하고, 작업 전선도 피복손상 유무를 확인하며, 사용 후에는 분리해서 깨끗하게 청소하여야 한다.",,,,,,,,,,
C-22-2011,5.,5.3,,(9),,,,,콘크리트 타설 직후 직사광선이나 바람으로 인한 표면건조로 초기균열이 발생하는 것을 방지하기 위한 조치를 하여야 한다.,,,,,,,,,,
C-22-2011,5.,5.3,,(10),,,,,"여러 원인으로 발생되는 주탑의 처짐은 시공이 진행됨에 따라 더 커질 수 있으므로 매 이동식 거푸집 상승 시 콘크리트 타설 전·후에 측량을 수행하여야 하며, 발생될 처짐을 미리 계산하여 프리캠버(Pre-camber)를 주어야 한다.",,,,,,,,,,
C-22-2011,5.,5.4,,,,,,이동식 거푸집 인양 및 상승 작업 시 안전작업,,,,,,,,,,,
C-22-2011,5.,5.4,,(1),,,,,"강풍, 폭우, 폭설 등의 악천후 시에는 작업을 중지하여야 한다.",,,,,,,,,,
C-22-2011,5.,5.4,,(2),,,,,이동식 거푸집을 탈영하고 인양 또는 상승 시에는 작업책임자를 지정하여 작업을 수행하여야 한다.,,,,,,,,,,
C-22-2011,5.,5.4,,(3),,,,,이동식 거푸집을 인양 시에는 신호수를 배치하고 신호에 따라 작업하여야 한다.,,,,,,,,,,
C-22-2011,5.,5.4,,(4),,,,,이동식 거푸집 인양 또는 자동 이동식 거푸집 상승 시에는 작업장 주위에 관계자 외 출입금지를 시켜야 한다.,,,,,,,,,,
C-22-2011,5.,5.4,,(5),,,,,이동식 거푸집 인양 시 인양용 와이어로프에 대한 점검을 철저히 하고 파손 시에는 즉시 교체하여야 한다.,,,,,,,,,,
C-22-2011,5.,5.4,,(6),,,,,이동식 거푸집을 크레인으로 인양할 경우에는 작업이 종료될 때까지 부재를 확실하게 매달고 있어야 한다.,,,,,,,,,,
C-22-2011,5.,5.4,,(7),,,,,자동 이동식 거푸집에 사용되는 유압시스템의 전동기 외함은 접지를 하여야 한다.,,,,,,,,,,
C-22-2011,5.,5.4,,(8),,,,,자동 이동식 거푸집의 클라이밍 레일에는 이물질이 없어야 한다.,,,,,,,,,,
C-22-2011,5.,5.4,,(9),,,,,이동식 거푸집 인양 시 작업발판에 간섭될 만한 물체가 있는지 확인하여야 한다.,,,,,,,,,,
C-22-2011,5.,5.4,,(10),,,,,이동식 거푸집 인양 시 각 작업발판 위에는 낙하할 만한 자재나 공구 등이 없어야 한다.,,,,,,,,,,
C-22-2011,5.,5.5,,,,,,주탑 정착부 가이드 파이프 설치시 안전작업,,,,,,,,,,,
C-22-2011,5.,5.5,,(1),,,,,주탑 정착부 가이드 파이프는 <그림 6>과 같다.,<그림 6>,,,,,,,,,
C-22-2011,5.,5.5,,(2),,,,,"강제 프레임에 볼트로 조립된 가이드 파이프가 계획된 위치에 설치되었는지 측량하여 확인하고, 측량 결과에 따라 수정한 후 콘크리트 타설이나 작업 중에 가이드 파이프의 위치가 변할 수 있으므로 연결부를 용접으로 견고하게 접합하여야 한다.",,,,,,,,,,
C-22-2011,5.,5.5,,(3),,,,,가이드 파이프 고정용 강제 프레임에 철근이 간섭이 되는 경우에는 일부 주철근을 강제 프레임에 선 조립하여 설치하여야 한다.,,,,,,,,,,
C-22-2011,5.,5.5,,(4),,,,,강제 프레임 등을 양중 시 상·하부에 신호수를 배치하여야 한다.,,,,,,,,,,
C-22-2011,5.,5.6,,,,,,P/T 작업 시 안전작업,,,,,,,,,,,
C-22-2011,5.,5.6,,(1),,,,,주탑 정착부 P/T를 위한 강봉 배치도는 <그림 7>과 같다.,<그림 7>,,,,,,,,,
C-22-2011,5.,5.6,,(2),,,,,강봉의 긴장작업은 사전에 감리자가 승인한 긴장 계획서에 의거하여 수행하여야 한다.,,,,,,,,,,
C-22-2011,5.,5.6,,(3),,,,,사용되는 인장장비는 국가 공인기관으로부터 검교정을 필한 장비를 사용하여야 한다.,,,,,,,,,,
C-22-2011,5.,5.6,,(4),,,,,강봉의 긴장은 주탑 세그멘트 콘크리트 강도가 설계강도의 80%이상 발현 되었을 때 실시하여야 한다.,,,,,,,,,,
C-22-2011,5.,5.6,,(5),,,,,강봉 긴장력 도입 계산서에 의한 목표 신장량까지 긴장하고 그 때 강봉의 신장량을 기록하여야 한다.,,,,,,,,,,
C-22-2011,5.,5.6,,(6),,,,,긴장작업 완료 후에는 감리자의 승인을 득한 후 그라우팅을 실시하여야 한다.,,,,,,,,,,
C-22-2011,5.,5.6,,(7),,,,,프리스트레스가 도입된 강봉의 부식을 방지하기 위해 그라우팅은 가능한 빨리 시행하여야 한다.,,,,,,,,,,
C-22-2011,5.,5.6,,(8),,,,,그라우팅 작업에 앞서 쉬스관 내에 물을 통과시켜 깨끗하게 청소를 하고 충분히 습윤상태가 된 후에 그라우팅을 실시하여야 한다.,,,,,,,,,,
C-22-2011,5.,5.6,,(9),,,,,"그라우팅 믹서기의 감전방지를 위한 감전예방 조치(접지, 누전차단기 설치 등)을 하여야 한다.",,,,,,,,,,
C-22-2011,6.,,,,,,,주경간 상부공 안전작업,상부공의 시공 흐름도는 <그림 8>과 같다.,<그림 8>,,,,,,,,,
C-22-2011,6.,6.1,,,,,,주두부 시공시 안전작업,,,,,,,,,,,
C-22-2011,6.,6.1,,(1),,,,,"주두부 가설벤트 지보공은 콘크리트 타설 작업시의 하중을 고려하여 구조 검토를 실시하여 조립도를 작성하여야 하며, 이 조립도의 순서에 따라 조립하여야 한다.",,,,,,,,,,
C-22-2011,6.,6.1,,(2),,,,,"가설벤트 지보공 재료의 이상 유무를 확인하여 균열, 부식, 휨, 옹이, 단면 부족 등의 결함이 있는 자재는 반출시켜야 한다.",,,,,,,,,,
C-22-2011,6.,6.1,,(3),,,,,가설벤트 지보공이 주탑 기초를 벗어나는 경우에는 부등침하 방지를 위한 철저한 다짐을 하거나 콘크리트를 타설하여야 한다.,,,,,,,,,,
C-22-2011,6.,6.1,,(4),,,,,주탑 기초가 경사진 경우에는 가설벤트 지보공의 미끄럼 방지조치를 하여야 한다.,,,,,,,,,,
C-22-2011,6.,6.1,,(5),,,,,"가설벤트가 최종적으로 조립 설치된 경우에 레벨을 점검하여야 하며, 볼트의 체결상태 및 위치를 점검하여야 한다.",,,,,,,,,,
C-22-2011,6.,6.1,,(6),,,,,가설벤트 위에 설치되는 하부 거푸집은 선형 및 레벨 측량을 실시하여 교량 하단부의 계획고에 정확히 맞는지 확인하여야 한다.,,,,,,,,,,
C-22-2011,6.,6.1,,(7),,,,,좌굴 및 뒤틀림 방지를 위해 동바리마다 수평재를 양방향으로 설치하여야 한다.,,,,,,,,,,
C-22-2011,6.,6.1,,(8),,,,,동바리와 슬래브 하부 거푸집 사이의 틈새는 쐐기로 밀착하여 하중을 고르게 분산시켜야 한다.,,,,,,,,,,
C-22-2011,6.,6.1,,(9),,,,,슬래브 거푸집 설치 시 잭 베이스(Jack Base)는 지지목에 필히 고정시켜 전도를 방지하여야 한다.,,,,,,,,,,
C-22-2011,6.,6.2,,,,,,폼 트래블러(Form Traveler) 설치 및 이동시 안전작업,,,,,,,,,,,
C-22-2011,6.,6.2,,(1),,,,,작업 전에 작업계획서를 작성하고 이를 준수하여야 한다.,,,,,,,,,,
C-22-2011,6.,6.2,,(2),,,,,"폼 트래블러에 사용되는 주요 장비는 반입하여 사용하기 전에 전문가가 구조적 안전성과 결함, 손상여부를 확인하여야 한다.",,,,,,,,,,
C-22-2011,6.,6.2,,(3),,,,,"폼 트래블러의 주요 부재인 메인 프레임(Main Frame), 리어 트러스(Rear Truss), 메인 레일(Main Rail) 등은 사용 전 육안으로 사전 점검을 하고 필요 시 비파괴 검사 등을 통해 이상 유무를 점검하여야 한다.",<그림 9>,,,,,,,,,
C-22-2011,6.,6.2,,(4),,,,,"폼 트래블러를 고정해 주는 앵커 바(Anchor bar)는 커플링(Coupling)에 충분히 삽입되어야 하며, 편심을 받지 않도록 해야 한다.",,,,,,,,,,
C-22-2011,6.,6.2,,(5),,,,,선단부 및 후미부에 각각 2곳의 높이를 측량하여 전체의 폼 트래블러 높이를 맞추어야 한다.,,,,,,,,,,
C-22-2011,6.,6.2,,(6),,,,,수평방향의 강성을 충분히 확보하기 위해 상부 슬래브 거푸집은 주방향 H형강에 충분히 고정시켜야 한다.,,,,,,,,,,
C-22-2011,6.,6.2,,(7),,,,,폼 트래블러를 제작하여 처음 사용하게 되면 각 연결부위에서 추가변형이 발생함으로 처음 사용 시 인장너트(Tensioning Nut)를 조정하여 높이를 맞추어야 한다.,,,,,,,,,,
C-22-2011,6.,6.2,,(9),,,,,"거푸집을 포함한 폼 트래블러는 월 1회 이상 정기점검을 실시하여 주요부의 접합상태, 손상유무, 성능유지 등에 대하여 기록하여야 한다.",,,,,,,,,,
C-22-2011,6.,6.2,,(10),,,,,"각 세그멘트 제작 후 거푸집 해체 및 폼 트래블러 이동작업은 작업시작 전에 작업방법, 작업순서 및 안전조치 사항에 대하여 근로자에게 주지시켜야 한다.",,,,,,,,,,
C-22-2011,6.,6.2,,(11),,,,,거푸집을 포함한 폼 트래블러 이동작업은 이동작업 방법과 순서에 따라 천천히 이동시켜야 한다.,,,,,,,,,,
C-22-2011,6.,6.3,,,,,,세그멘트 및 키(Key) 세그멘트 제작 시 안전작업,,,,,,,,,,,
C-22-2011,6.,6.3,,(1),,,,,크레인을 이용하여 철근운반 시 작업반경내 접근을 금지하여야 한다.,,,,,,,,,,
C-22-2011,6.,6.3,,(2),,,,,"철근운반 시 허리를 곧게 펴고, 호흡을 맞추어서 작업하여야 한다.",,,,,,,,,,
C-22-2011,6.,6.3,,(3),,,,,철근절단기 및 절곡기는 감전방지용 안전장치 확인 후 사용하여야 한다.,,,,,,,,,,
C-22-2011,6.,6.3,,(4),,,,,쉬스관을 고정철근에 용접작업 시 전격방지 및 접지상태를 확인하여야 한다.,,,,,,,,,,
C-22-2011,6.,6.3,,(5),,,,,철근은 바른 위치에 배치하고 콘크리트 타설 중 움직이지 않도록 견고하게 조립하여야 한다.,,,,,,,,,,
C-22-2011,6.,6.3,,(6),,,,,"쉬스관은 소정의 위치 및 방향이 정확하게 시공되어야 하고, 손상되지 않도록 주의해서 배치해야 한다.",,,,,,,,,,
C-22-2011,6.,6.3,,(7),,,,,철근 조립이 끝난 후에는 조립도에 의거하여 정확하게 조립되었는지 콘크리트 타설 전에 감리원의 승인을 받아야 한다.,,,,,,,,,,
C-22-2011,6.,6.3,,(8),,,,,"콘크리트 펌프카는 지반다짐, 아웃트리거 설치 등 전도방지조치를 반드시 실시하여야 한다.",,,,,,,,,,
C-22-2011,6.,6.3,,(9),,,,,"콘크리트 타설방법 및 순서를 준수하여야 하며, 편심하중이 작용하지 않도록 분산 타설하여야 한다.",,,,,,,,,,
C-22-2011,6.,6.3,,(10),,,,,"콘크리트 타설시 거푸집, 철근, 쉬스관 등이 변형되거나 손상이 되지 않도록 주의하여야 한다.",,,,,,,,,,
C-22-2011,6.,6.3,,(11),,,,,하부 플랜지 및 복부의 콘크리트 타설시 재료분리가 발생되지 않도록 주의하여야 한다.,,,,,,,,,,
C-22-2011,6.,6.3,,(12),,,,,콘크리트를 연속적으로 타설하여 콜드 조인트(Cold Joint)가 발생되지 않도록 주의하여야 한다.,,,,,,,,,,
C-22-2011,6.,6.3,,(13),,,,,경사진 곳에 콘크리트 타설시 낮은 곳부터 타설하여 콘크리트가 이동하지 않도록 하여야 한다.,,,,,,,,,,
C-22-2011,6.,6.3,,(14),,,,,진동다짐기 등의 전기 기계․기구는 감전방지 조치를 취해야 한다.,,,,,,,,,,
C-22-2011,6.,6.3,,(15),,,,,진동다짐 시 배근된 철근 및 쉬스의 위치 및 방향이 변경되거나 손상이 되지 않도록 주의하여야 한다.,,,,,,,,,,
C-22-2011,6.,6.3,,(16),,,,,"콘크리트 타설 후 소요기간까지 경화에 필요한 온도, 습도조건을 유지하면서 충분히 양생하여야 한다.",,,,,,,,,,
C-22-2011,6.,6.3,,(17),,,,,콘크리트 표면에서의 수분증발로 인한 양생균열을 방지하기 위해 습윤양생이나 피막양생을 실시하여야 한다.,,,,,,,,,,
C-22-2011,6.,6.4,,,,,,프리스트레싱 작업 시 안전작업,,,,,,,,,,,
C-22-2011,6.,6.4,,(1),,,,,긴장작업 전 작업절차 및 신호방법 등에 대하여 작업자들에게 사전교육을 실시하여야 한다.,,,,,,,,,,
C-22-2011,6.,6.4,,(2),,,,,"긴장작업은 설계도의 순서에 따라 실시하여야 하며, 긴장계산서의 정확한 값을 확인한 후 실시하여야 한다.",,,,,,,,,,
C-22-2011,6.,6.4,,(3),,,,,긴장작업 전 부재 콘크리트와 동일 조건으로 양생된 공시체의 압축강도를 측정하여 설계도의 값 이상이 된 것을 반드시 확인한 후 긴장작업을 실시하여야 한다.,,,,,,,,,,
C-22-2011,6.,6.4,,(4),,,,,긴장작업 시 잭(Jack) 후면과 근처에는 위험구역으로 근로자의 출입을 금지시켜야 한다.,,,,,,,,,,
C-22-2011,6.,6.4,,(5),,,,,전동 펌프(Pump)는 감전에 대한 안전조치를 실시하여야 한다.,,,,,,,,,,
C-22-2011,6.,6.4,,(6),,,,,"긴장작업 시 이상한 소리가 들리거나 신장률이 너무 적게 발생된 경우 무리한 긴장을 삼가고, 현장책임자 및 감리자와 협의하에 작업을 수행하여야 한다.",,,,,,,,,,
C-22-2011,6.,6.4,,(7),,,,,긴장작업 시 텐톤(Tendon)의 신장량과 잭(Jack)의 압력은 별도의 양식에 작성 기록하여야 한다.,,,,,,,,,,
C-22-2011,6.,6.4,,(8),,,,,긴장 후 강연선의 여장은 그라우트 캡과 가스절단 시 영향을 미치지 않는 길이를 고려하여 절단하여야 한다.,,,,,,,,,,
C-22-2011,7.,,,,,,,주 케이블 시공 시 안전작업,,<그림 10>,,,,,,,,,
C-22-2011,7.,7.1,,,,,,주탑 내외부 및 거더하부 작업대 설치 및 이동시,,,,,,,,,,,
C-22-2011,7.,7.1,,(1),,,,,"작업대는 앵커볼트를 이용하여 단단히 고정하여야 하며, 흔들림이 없는지 체크하여야 한다.",,,,,,,,,,
C-22-2011,7.,7.1,,(2),,,,,작업대의 작업발판은 작업 중 탈락하지 않도록 확실하게 고정하여야 한다.,,,,,,,,,,
C-22-2011,7.,7.1,,(3),,,,,작업대에는 안전난간 및 발끝막이판을 반드시 설치하여야 한다.,,,,,,,,,,
C-22-2011,7.,7.1,,(4),,,,,작업대의 작업발판은 작업하중을 고려한 구조검토를 통해 안전한 구조가 되도록 하여야 한다.,,,,,,,,,,
C-22-2011,7.,7.1,,(5),,,,,특히 주탑 외부 작업대 이동시 와이어로프로 단단히 고정시킨 후 풍속 및 풍향을 파악하여 바람이 없을 때 인양하여 이동시켜야 한다.,,,,,,,,,,
C-22-2011,7.,7.2,,,,,,윈치 설치 시,,,,,,,,,,,
C-22-2011,7.,7.2,,(1),,,,,윈치에 사용되는 와이어로프는 산업안전보건기준에 관한 규칙 제63조 1호에 해당하지 않는 것을 사용하여야 한다.,,,,,,,,,,
C-22-2011,7.,7.2,,(2),,,,,"윈치를 사용하기 전에 브레이크, 클러치, 급정지장치 등이 정상적으로 작동하는지를 확인하여야 한다.",,,,,,,,,,
C-22-2011,7.,7.2,,(3),,,,,통로를 횡단하는 와이어로프에는 적당한 덮개로 덮어야 한다.,,,,,,,,,,
C-22-2011,7.,7.2,,(4),,,,,드럼에 감겨있는 와이어로프의 끝이나 훅 등에 연결되어 있는 와이어로프의 끝은 클램프나 클립 등으로 견고하게 부착되어 있어야 한다.,,,,,,,,,,
C-22-2011,7.,7.2,,(5),,,,,윈치 주위에는 울타리 등을 만들어 관계자 외 출입을 금지시켜야 한다.,,,,,,,,,,
C-22-2011,7.,7.2,,(6),,,,,윈치로 작업 중에는 와이어로프 내각선에 근로자의 접근을 금지시켜야 한다.,,,,,,,,,,
C-22-2011,7.,7.2,,(7),,,,,"윈치 운전 시 신호방법을 준수하여야 하며, 반드시 신호자를 배치하여야 한다.",,,,,,,,,,
C-22-2011,7.,7.2,,(8),,,,,사용 후에는 와이어로프를 드럼에 완전히 감아 두어야 한다.,,,,,,,,,,
C-22-2011,7.,7.2,,(9),,,,,전동기는 감전방지를 위한 조치를 취하여야 한다.,,,,,,,,,,
C-22-2011,7.,7.2,,(10),,,,,"휴식, 휴무 시에는 반드시 전원스위치를 차단하여야 한다.",,,,,,,,,,
C-22-2011,7.,7.3,,,,,,"케이블 전개, 인양, 긴장작업 시",,,,,,,,,,,
C-22-2011,7.,7.3,,(1),,,,,케이블 코일의 급작스런 전개가 일어나지 않도록 적정 전개속도를 유지하여야 한다.,,,,,,,,,,
C-22-2011,7.,7.3,,(2),,,,,언릴러(Unreeler)에 브레이크 장치를 반드시 설치하여야 한다.,,,,,,,,,,
C-22-2011,7.,7.3,,(3),,,,,"우천 및 풍속 10m/s이상인 경우, 케이블 인양작업을 금지시켜야 한다.",,,,,,,,,,
C-22-2011,7.,7.3,,(4),,,,,"케이블 인양작업 시 타작업과 간섭이 되는 경우 작업을 금지시켜야 하며, 작업반경내 근로자의 출입을 금지시켜야 한다.",,,,,,,,,,
C-22-2011,7.,7.3,,(5),,,,,케이블 인양을 위한 달기로프의 결속은 견고하게 되어 있어야 한다.,,,,,,,,,,
C-22-2011,7.,7.3,,(6),,,,,"강제 파이프의 용접 및 절단에 필요한 용접기는 자동 전격 방지기가 설치되어 있어야 하며, 가스절단기에는 역화방지기가 설치되어 있어야 한다.",,,,,,,,,,
C-22-2011,7.,7.3,,(7),,,,,케이블의 장력과 고유진동수는 다음과 같은 관계식이 성립되므로 다음 식으로 케이블의 장력을 구하여야 한다.,,,,<수식_UD 1>,,,,,,
C-22-2011,7.,7.3,,(8),,,,,"일반적으로 케이블의 길이가 긴 경우에는 케이블의 휨강성(EI)에 의한 영향이 매우 적기 때문에 이를 무시하고 케이블의 장력을 산정할 수 있으나, 케이블의 길이가 짧고 휨강성이 큰 경우에는 다양한 진동모드 및 고유진동수를 조사하여 선형회귀분석법에 의해 케이블의 장력을 산정하여야 한다.",,,,,,,,,,
C-22-2011,7.,7.4,,,,,,타워크레인 작업 시,,,,,,,,,,,
C-22-2011,7.,7.4,,(1),,,,,타워크레인은 산업안전보건기준에 관한 규칙 제136조~제146조를 준수하여야 한다.,,,,,,,,,,
C-22-2011,7.,7.4,,(2),,,,,작업 시작 전에 고장유무를 반드시 확인하여야 한다.,,,,,,,,,,
C-22-2011,7.,7.4,,(3),,,,,지정된 신호수의 표준신호에 의해 작업을 수행하여야 한다.,,,,,,,,,,
C-22-2011,7.,7.4,,(4),,,,,"작업 시 급운행, 급정지, 급하강, 급상승을 하지 않아야 한다.",,,,,,,,,,
C-22-2011,7.,7.4,,(5),,,,,크레인의 정격 인양하중을 준수하여야 한다.,,,,,,,,,,
C-22-2011,7.,7.4,,(6),,,,,크레인에 사용되는 와이어로프는 산업안전보건기준에 관한 규칙 제163조~제170조를 준수하여야 한다.,,,,,,,,,,
C-22-2011,7.,7.4,,(7),,,,,철골부재를 인양할 경우에는 안전을 위하여 인양 고리(Lifting Lug)를 사용하여야 한다.,,,,,,,,,,
